method,scenario,seed,evaluation_scenario,best_legacy_utility,best_fixed_domain_utility,analytic_EUIt,analytic_EG,analytic_H
CMA-ES,Balanced_Performance,0,Balanced_Performance,0.9999999999,0.9999999534568867,66.0,2.8499999046325684,7.849999904632568
CMA-ES,Balanced_Performance,0,Energy_Generation_Focus,1.0,0.999999937095866,66.0,2.8499999046325684,7.849999904632568
CMA-ES,Balanced_Performance,0,Energy_Saving_Focus,1.0,0.9999999721341322,66.0,2.8499999046325684,7.849999904632568
CMA-ES,Balanced_Performance,1,Balanced_Performance,0.9999999999,0.9999999534568867,66.0,2.8499999046325684,7.849999904632568
CMA-ES,Balanced_Performance,1,Energy_Generation_Focus,1.0,0.999999937095866,66.0,2.8499999046325684,7.849999904632568
CMA-ES,Balanced_Performance,1,Energy_Saving_Focus,1.0,0.9999999721341322,66.0,2.8499999046325684,7.849999904632568
CMA-ES,Balanced_Performance,2,Balanced_Performance,0.9999999999,0.9999999534568867,66.0,2.8499999046325684,7.849999904632568
CMA-ES,Balanced_Performance,2,Energy_Generation_Focus,1.0,0.999999937095866,66.0,2.8499999046325684,7.849999904632568
CMA-ES,Balanced_Performance,2,Energy_Saving_Focus,1.0,0.9999999721341322,66.0,2.8499999046325684,7.849999904632568
CMA-ES,Balanced_Performance,3,Balanced_Performance,0.9999999999,0.9999999534568867,66.0,2.8499999046325684,7.849999904632568
CMA-ES,Balanced_Performance,3,Energy_Generation_Focus,1.0,0.999999937095866,66.0,2.8499999046325684,7.849999904632568
CMA-ES,Balanced_Performance,3,Energy_Saving_Focus,1.0,0.9999999721341322,66.0,2.8499999046325684,7.849999904632568
CMA-ES,Balanced_Performance,4,Balanced_Performance,0.9999999999,0.9999999534568867,66.0,2.8499999046325684,7.849999904632568
CMA-ES,Balanced_Performance,4,Energy_Generation_Focus,1.0,0.999999937095866,66.0,2.8499999046325684,7.849999904632568
CMA-ES,Balanced_Performance,4,Energy_Saving_Focus,1.0,0.9999999721341322,66.0,2.8499999046325684,7.849999904632568
CMA-ES,Balanced_Performance,5,Balanced_Performance,0.9999999999,0.9999999534568867,66.0,2.8499999046325684,7.849999904632568
CMA-ES,Balanced_Performance,5,Energy_Generation_Focus,1.0,0.999999937095866,66.0,2.8499999046325684,7.849999904632568
CMA-ES,Balanced_Performance,5,Energy_Saving_Focus,1.0,0.9999999721341322,66.0,2.8499999046325684,7.849999904632568
CMA-ES,Balanced_Performance,6,Balanced_Performance,0.9999999999,0.9999999534568867,66.0,2.8499999046325684,7.849999904632568
CMA-ES,Balanced_Performance,6,Energy_Generation_Focus,1.0,0.999999937095866,66.0,2.8499999046325684,7.849999904632568
CMA-ES,Balanced_Performance,6,Energy_Saving_Focus,1.0,0.9999999721341322,66.0,2.8499999046325684,7.849999904632568
CMA-ES,Balanced_Performance,7,Balanced_Performance,0.9999999999,0.9999999534568867,66.0,2.8499999046325684,7.849999904632568
CMA-ES,Balanced_Performance,7,Energy_Generation_Focus,1.0,0.999999937095866,66.0,2.8499999046325684,7.849999904632568
CMA-ES,Balanced_Performance,7,Energy_Saving_Focus,1.0,0.9999999721341322,66.0,2.8499999046325684,7.849999904632568
CMA-ES,Balanced_Performance,8,Balanced_Performance,0.9999999999,0.9999999534568867,66.0,2.8499999046325684,7.849999904632568
CMA-ES,Balanced_Performance,8,Energy_Generation_Focus,1.0,0.999999937095866,66.0,2.8499999046325684,7.849999904632568
CMA-ES,Balanced_Performance,8,Energy_Saving_Focus,1.0,0.9999999721341322,66.0,2.8499999046325684,7.849999904632568
CMA-ES,Balanced_Performance,9,Balanced_Performance,0.9999999999,0.9999999534568867,66.0,2.8499999046325684,7.849999904632568
CMA-ES,Balanced_Performance,9,Energy_Generation_Focus,1.0,0.999999937095866,66.0,2.8499999046325684,7.849999904632568
CMA-ES,Balanced_Performance,9,Energy_Saving_Focus,1.0,0.9999999721341322,66.0,2.8499999046325684,7.849999904632568
CMA-ES,Balanced_Performance,10,Balanced_Performance,0.9999999999,0.9999999534568867,66.0,2.8499999046325684,7.849999904632568
CMA-ES,Balanced_Performance,10,Energy_Generation_Focus,1.0,0.999999937095866,66.0,2.8499999046325684,7.849999904632568
CMA-ES,Balanced_Performance,10,Energy_Saving_Focus,1.0,0.9999999721341322,66.0,2.8499999046325684,7.849999904632568
CMA-ES,Balanced_Performance,11,Balanced_Performance,0.9999999999,0.9999999534568867,66.0,2.8499999046325684,7.849999904632568
CMA-ES,Balanced_Performance,11,Energy_Generation_Focus,1.0,0.999999937095866,66.0,2.8499999046325684,7.849999904632568
CMA-ES,Balanced_Performance,11,Energy_Saving_Focus,1.0,0.9999999721341322,66.0,2.8499999046325684,7.849999904632568
CMA-ES,Balanced_Performance,12,Balanced_Performance,0.9999999999,0.9999999534568867,66.0,2.8499999046325684,7.849999904632568
CMA-ES,Balanced_Performance,12,Energy_Generation_Focus,1.0,0.999999937095866,66.0,2.8499999046325684,7.849999904632568
CMA-ES,Balanced_Performance,12,Energy_Saving_Focus,1.0,0.9999999721341322,66.0,2.8499999046325684,7.849999904632568
CMA-ES,Balanced_Performance,13,Balanced_Performance,0.9999999999,0.9999999534568867,66.0,2.8499999046325684,7.849999904632568
CMA-ES,Balanced_Performance,13,Energy_Generation_Focus,1.0,0.999999937095866,66.0,2.8499999046325684,7.849999904632568
CMA-ES,Balanced_Performance,13,Energy_Saving_Focus,1.0,0.9999999721341322,66.0,2.8499999046325684,7.849999904632568
CMA-ES,Balanced_Performance,14,Balanced_Performance,0.9999999999,0.9999999534568867,66.0,2.8499999046325684,7.849999904632568
CMA-ES,Balanced_Performance,14,Energy_Generation_Focus,1.0,0.999999937095866,66.0,2.8499999046325684,7.849999904632568
CMA-ES,Balanced_Performance,14,Energy_Saving_Focus,1.0,0.9999999721341322,66.0,2.8499999046325684,7.849999904632568
CMA-ES,Balanced_Performance,15,Balanced_Performance,0.9999999999,0.9999999534568867,66.0,2.8499999046325684,7.849999904632568
CMA-ES,Balanced_Performance,15,Energy_Generation_Focus,1.0,0.999999937095866,66.0,2.8499999046325684,7.849999904632568
CMA-ES,Balanced_Performance,15,Energy_Saving_Focus,1.0,0.9999999721341322,66.0,2.8499999046325684,7.849999904632568
CMA-ES,Balanced_Performance,16,Balanced_Performance,0.9999999999,0.9999999534568867,66.0,2.8499999046325684,7.849999904632568
CMA-ES,Balanced_Performance,16,Energy_Generation_Focus,1.0,0.999999937095866,66.0,2.8499999046325684,7.849999904632568
CMA-ES,Balanced_Performance,16,Energy_Saving_Focus,1.0,0.9999999721341322,66.0,2.8499999046325684,7.849999904632568
CMA-ES,Balanced_Performance,17,Balanced_Performance,0.9999999999,0.9999999534568867,66.0,2.8499999046325684,7.849999904632568
CMA-ES,Balanced_Performance,17,Energy_Generation_Focus,1.0,0.999999937095866,66.0,2.8499999046325684,7.849999904632568
CMA-ES,Balanced_Performance,17,Energy_Saving_Focus,1.0,0.9999999721341322,66.0,2.8499999046325684,7.849999904632568
CMA-ES,Balanced_Performance,18,Balanced_Performance,0.9999999999,0.9999999534568867,66.0,2.8499999046325684,7.849999904632568
CMA-ES,Balanced_Performance,18,Energy_Generation_Focus,1.0,0.999999937095866,66.0,2.8499999046325684,7.849999904632568
CMA-ES,Balanced_Performance,18,Energy_Saving_Focus,1.0,0.9999999721341322,66.0,2.8499999046325684,7.849999904632568
CMA-ES,Balanced_Performance,19,Balanced_Performance,0.9999999999,0.9999999534568867,66.0,2.8499999046325684,7.849999904632568
CMA-ES,Balanced_Performance,19,Energy_Generation_Focus,1.0,0.999999937095866,66.0,2.8499999046325684,7.849999904632568
CMA-ES,Balanced_Performance,19,Energy_Saving_Focus,1.0,0.9999999721341322,66.0,2.8499999046325684,7.849999904632568
CMA-ES,Energy_Generation_Focus,0,Balanced_Performance,0.9999999999,0.9999999534568867,66.0,2.8499999046325684,7.849999904632568
CMA-ES,Energy_Generation_Focus,0,Energy_Generation_Focus,1.0,0.999999937095866,66.0,2.8499999046325684,7.849999904632568
CMA-ES,Energy_Generation_Focus,0,Energy_Saving_Focus,1.0,0.9999999721341322,66.0,2.8499999046325684,7.849999904632568
CMA-ES,Energy_Generation_Focus,1,Balanced_Performance,0.9999999999,0.9999999534568867,66.0,2.8499999046325684,7.849999904632568
CMA-ES,Energy_Generation_Focus,1,Energy_Generation_Focus,1.0,0.999999937095866,66.0,2.8499999046325684,7.849999904632568
CMA-ES,Energy_Generation_Focus,1,Energy_Saving_Focus,1.0,0.9999999721341322,66.0,2.8499999046325684,7.849999904632568
CMA-ES,Energy_Generation_Focus,2,Balanced_Performance,0.9999999999,0.9999999534568867,66.0,2.8499999046325684,7.849999904632568
CMA-ES,Energy_Generation_Focus,2,Energy_Generation_Focus,1.0,0.999999937095866,66.0,2.8499999046325684,7.849999904632568
CMA-ES,Energy_Generation_Focus,2,Energy_Saving_Focus,1.0,0.9999999721341322,66.0,2.8499999046325684,7.849999904632568
CMA-ES,Energy_Generation_Focus,3,Balanced_Performance,0.9999999999,0.9999999534568867,66.0,2.8499999046325684,7.849999904632568
CMA-ES,Energy_Generation_Focus,3,Energy_Generation_Focus,1.0,0.999999937095866,66.0,2.8499999046325684,7.849999904632568
CMA-ES,Energy_Generation_Focus,3,Energy_Saving_Focus,1.0,0.9999999721341322,66.0,2.8499999046325684,7.849999904632568
CMA-ES,Energy_Generation_Focus,4,Balanced_Performance,0.9999999999,0.9999999534568867,66.0,2.8499999046325684,7.849999904632568
CMA-ES,Energy_Generation_Focus,4,Energy_Generation_Focus,1.0,0.999999937095866,66.0,2.8499999046325684,7.849999904632568
CMA-ES,Energy_Generation_Focus,4,Energy_Saving_Focus,1.0,0.9999999721341322,66.0,2.8499999046325684,7.849999904632568
CMA-ES,Energy_Generation_Focus,5,Balanced_Performance,0.9999999999,0.9999999534568867,66.0,2.8499999046325684,7.849999904632568
CMA-ES,Energy_Generation_Focus,5,Energy_Generation_Focus,1.0,0.999999937095866,66.0,2.8499999046325684,7.849999904632568
CMA-ES,Energy_Generation_Focus,5,Energy_Saving_Focus,1.0,0.9999999721341322,66.0,2.8499999046325684,7.849999904632568
CMA-ES,Energy_Generation_Focus,6,Balanced_Performance,0.9999999999,0.9999999534568867,66.0,2.8499999046325684,7.849999904632568
CMA-ES,Energy_Generation_Focus,6,Energy_Generation_Focus,1.0,0.999999937095866,66.0,2.8499999046325684,7.849999904632568
CMA-ES,Energy_Generation_Focus,6,Energy_Saving_Focus,1.0,0.9999999721341322,66.0,2.8499999046325684,7.849999904632568
CMA-ES,Energy_Generation_Focus,7,Balanced_Performance,0.9999999999,0.9999999534568867,66.0,2.8499999046325684,7.849999904632568
CMA-ES,Energy_Generation_Focus,7,Energy_Generation_Focus,1.0,0.999999937095866,66.0,2.8499999046325684,7.849999904632568
CMA-ES,Energy_Generation_Focus,7,Energy_Saving_Focus,1.0,0.9999999721341322,66.0,2.8499999046325684,7.849999904632568
CMA-ES,Energy_Generation_Focus,8,Balanced_Performance,0.9999999999,0.9999999534568867,66.0,2.8499999046325684,7.849999904632568
CMA-ES,Energy_Generation_Focus,8,Energy_Generation_Focus,1.0,0.999999937095866,66.0,2.8499999046325684,7.849999904632568
CMA-ES,Energy_Generation_Focus,8,Energy_Saving_Focus,1.0,0.9999999721341322,66.0,2.8499999046325684,7.849999904632568
CMA-ES,Energy_Generation_Focus,9,Balanced_Performance,0.9999999999,0.9999999534568867,66.0,2.8499999046325684,7.849999904632568
CMA-ES,Energy_Generation_Focus,9,Energy_Generation_Focus,1.0,0.999999937095866,66.0,2.8499999046325684,7.849999904632568
CMA-ES,Energy_Generation_Focus,9,Energy_Saving_Focus,1.0,0.9999999721341322,66.0,2.8499999046325684,7.849999904632568
CMA-ES,Energy_Generation_Focus,10,Balanced_Performance,0.9999999999,0.9999999534568867,66.0,2.8499999046325684,7.849999904632568
CMA-ES,Energy_Generation_Focus,10,Energy_Generation_Focus,1.0,0.999999937095866,66.0,2.8499999046325684,7.849999904632568
CMA-ES,Energy_Generation_Focus,10,Energy_Saving_Focus,1.0,0.9999999721341322,66.0,2.8499999046325684,7.849999904632568
CMA-ES,Energy_Generation_Focus,11,Balanced_Performance,0.9999999999,0.9999999534568867,66.0,2.8499999046325684,7.849999904632568
CMA-ES,Energy_Generation_Focus,11,Energy_Generation_Focus,1.0,0.999999937095866,66.0,2.8499999046325684,7.849999904632568
CMA-ES,Energy_Generation_Focus,11,Energy_Saving_Focus,1.0,0.9999999721341322,66.0,2.8499999046325684,7.849999904632568
CMA-ES,Energy_Generation_Focus,12,Balanced_Performance,0.9999999999,0.9999999534568867,66.0,2.8499999046325684,7.849999904632568
CMA-ES,Energy_Generation_Focus,12,Energy_Generation_Focus,1.0,0.999999937095866,66.0,2.8499999046325684,7.849999904632568
CMA-ES,Energy_Generation_Focus,12,Energy_Saving_Focus,1.0,0.9999999721341322,66.0,2.8499999046325684,7.849999904632568
CMA-ES,Energy_Generation_Focus,13,Balanced_Performance,0.9999999999,0.9999999534568867,66.0,2.8499999046325684,7.849999904632568
CMA-ES,Energy_Generation_Focus,13,Energy_Generation_Focus,1.0,0.999999937095866,66.0,2.8499999046325684,7.849999904632568
CMA-ES,Energy_Generation_Focus,13,Energy_Saving_Focus,1.0,0.9999999721341322,66.0,2.8499999046325684,7.849999904632568
CMA-ES,Energy_Generation_Focus,14,Balanced_Performance,0.9999999999,0.9999999534568867,66.0,2.8499999046325684,7.849999904632568
CMA-ES,Energy_Generation_Focus,14,Energy_Generation_Focus,1.0,0.999999937095866,66.0,2.8499999046325684,7.849999904632568
CMA-ES,Energy_Generation_Focus,14,Energy_Saving_Focus,1.0,0.9999999721341322,66.0,2.8499999046325684,7.849999904632568
CMA-ES,Energy_Generation_Focus,15,Balanced_Performance,0.9999999999,0.9999999534568867,66.0,2.8499999046325684,7.849999904632568
CMA-ES,Energy_Generation_Focus,15,Energy_Generation_Focus,1.0,0.999999937095866,66.0,2.8499999046325684,7.849999904632568
CMA-ES,Energy_Generation_Focus,15,Energy_Saving_Focus,1.0,0.9999999721341322,66.0,2.8499999046325684,7.849999904632568
CMA-ES,Energy_Generation_Focus,16,Balanced_Performance,0.9999999999,0.9999999534568867,66.0,2.8499999046325684,7.849999904632568
CMA-ES,Energy_Generation_Focus,16,Energy_Generation_Focus,1.0,0.999999937095866,66.0,2.8499999046325684,7.849999904632568
CMA-ES,Energy_Generation_Focus,16,Energy_Saving_Focus,1.0,0.9999999721341322,66.0,2.8499999046325684,7.849999904632568
CMA-ES,Energy_Generation_Focus,17,Balanced_Performance,0.9999999999,0.9999999534568867,66.0,2.8499999046325684,7.849999904632568
CMA-ES,Energy_Generation_Focus,17,Energy_Generation_Focus,1.0,0.999999937095866,66.0,2.8499999046325684,7.849999904632568
CMA-ES,Energy_Generation_Focus,17,Energy_Saving_Focus,1.0,0.9999999721341322,66.0,2.8499999046325684,7.849999904632568
CMA-ES,Energy_Generation_Focus,18,Balanced_Performance,0.9999999999,0.9999999534568867,66.0,2.8499999046325684,7.849999904632568
CMA-ES,Energy_Generation_Focus,18,Energy_Generation_Focus,1.0,0.999999937095866,66.0,2.8499999046325684,7.849999904632568
CMA-ES,Energy_Generation_Focus,18,Energy_Saving_Focus,1.0,0.9999999721341322,66.0,2.8499999046325684,7.849999904632568
CMA-ES,Energy_Generation_Focus,19,Balanced_Performance,0.9999999999,0.9999999534568867,66.0,2.8499999046325684,7.849999904632568
CMA-ES,Energy_Generation_Focus,19,Energy_Generation_Focus,1.0,0.999999937095866,66.0,2.8499999046325684,7.849999904632568
CMA-ES,Energy_Generation_Focus,19,Energy_Saving_Focus,1.0,0.9999999721341322,66.0,2.8499999046325684,7.849999904632568
CMA-ES,Energy_Saving_Focus,0,Balanced_Performance,0.9999999999,0.9999999534568867,66.0,2.8499999046325684,7.849999904632568
CMA-ES,Energy_Saving_Focus,0,Energy_Generation_Focus,1.0,0.999999937095866,66.0,2.8499999046325684,7.849999904632568
CMA-ES,Energy_Saving_Focus,0,Energy_Saving_Focus,1.0,0.9999999721341322,66.0,2.8499999046325684,7.849999904632568
CMA-ES,Energy_Saving_Focus,1,Balanced_Performance,0.9999999999,0.9999999534568867,66.0,2.8499999046325684,7.849999904632568
CMA-ES,Energy_Saving_Focus,1,Energy_Generation_Focus,1.0,0.999999937095866,66.0,2.8499999046325684,7.849999904632568
CMA-ES,Energy_Saving_Focus,1,Energy_Saving_Focus,1.0,0.9999999721341322,66.0,2.8499999046325684,7.849999904632568
CMA-ES,Energy_Saving_Focus,2,Balanced_Performance,0.9999999999,0.9999999534568867,66.0,2.8499999046325684,7.849999904632568
CMA-ES,Energy_Saving_Focus,2,Energy_Generation_Focus,1.0,0.999999937095866,66.0,2.8499999046325684,7.849999904632568
CMA-ES,Energy_Saving_Focus,2,Energy_Saving_Focus,1.0,0.9999999721341322,66.0,2.8499999046325684,7.849999904632568
CMA-ES,Energy_Saving_Focus,3,Balanced_Performance,0.9999999999,0.9999999534568867,66.0,2.8499999046325684,7.849999904632568
CMA-ES,Energy_Saving_Focus,3,Energy_Generation_Focus,1.0,0.999999937095866,66.0,2.8499999046325684,7.849999904632568
CMA-ES,Energy_Saving_Focus,3,Energy_Saving_Focus,1.0,0.9999999721341322,66.0,2.8499999046325684,7.849999904632568
CMA-ES,Energy_Saving_Focus,4,Balanced_Performance,0.9999999999,0.9999999534568867,66.0,2.8499999046325684,7.849999904632568
CMA-ES,Energy_Saving_Focus,4,Energy_Generation_Focus,1.0,0.999999937095866,66.0,2.8499999046325684,7.849999904632568
CMA-ES,Energy_Saving_Focus,4,Energy_Saving_Focus,1.0,0.9999999721341322,66.0,2.8499999046325684,7.849999904632568
CMA-ES,Energy_Saving_Focus,5,Balanced_Performance,0.9999999999,0.9999999534568867,66.0,2.8499999046325684,7.849999904632568
CMA-ES,Energy_Saving_Focus,5,Energy_Generation_Focus,1.0,0.999999937095866,66.0,2.8499999046325684,7.849999904632568
CMA-ES,Energy_Saving_Focus,5,Energy_Saving_Focus,1.0,0.9999999721341322,66.0,2.8499999046325684,7.849999904632568
CMA-ES,Energy_Saving_Focus,6,Balanced_Performance,0.9999999999,0.9999999534568867,66.0,2.8499999046325684,7.849999904632568
CMA-ES,Energy_Saving_Focus,6,Energy_Generation_Focus,1.0,0.999999937095866,66.0,2.8499999046325684,7.849999904632568
CMA-ES,Energy_Saving_Focus,6,Energy_Saving_Focus,1.0,0.9999999721341322,66.0,2.8499999046325684,7.849999904632568
CMA-ES,Energy_Saving_Focus,7,Balanced_Performance,0.9999999999,0.9999999534568867,66.0,2.8499999046325684,7.849999904632568
CMA-ES,Energy_Saving_Focus,7,Energy_Generation_Focus,1.0,0.999999937095866,66.0,2.8499999046325684,7.849999904632568
CMA-ES,Energy_Saving_Focus,7,Energy_Saving_Focus,1.0,0.9999999721341322,66.0,2.8499999046325684,7.849999904632568
CMA-ES,Energy_Saving_Focus,8,Balanced_Performance,0.9999999999,0.9999999534568867,66.0,2.8499999046325684,7.849999904632568
CMA-ES,Energy_Saving_Focus,8,Energy_Generation_Focus,1.0,0.999999937095866,66.0,2.8499999046325684,7.849999904632568
CMA-ES,Energy_Saving_Focus,8,Energy_Saving_Focus,1.0,0.9999999721341322,66.0,2.8499999046325684,7.849999904632568
CMA-ES,Energy_Saving_Focus,9,Balanced_Performance,0.9999999999,0.9999999534568867,66.0,2.8499999046325684,7.849999904632568
CMA-ES,Energy_Saving_Focus,9,Energy_Generation_Focus,1.0,0.999999937095866,66.0,2.8499999046325684,7.849999904632568
CMA-ES,Energy_Saving_Focus,9,Energy_Saving_Focus,1.0,0.9999999721341322,66.0,2.8499999046325684,7.849999904632568
CMA-ES,Energy_Saving_Focus,10,Balanced_Performance,0.9999999999,0.9999999534568867,66.0,2.8499999046325684,7.849999904632568
CMA-ES,Energy_Saving_Focus,10,Energy_Generation_Focus,1.0,0.999999937095866,66.0,2.8499999046325684,7.849999904632568
CMA-ES,Energy_Saving_Focus,10,Energy_Saving_Focus,1.0,0.9999999721341322,66.0,2.8499999046325684,7.849999904632568
CMA-ES,Energy_Saving_Focus,11,Balanced_Performance,0.9999999999,0.9999999534568867,66.0,2.8499999046325684,7.849999904632568
CMA-ES,Energy_Saving_Focus,11,Energy_Generation_Focus,1.0,0.999999937095866,66.0,2.8499999046325684,7.849999904632568
CMA-ES,Energy_Saving_Focus,11,Energy_Saving_Focus,1.0,0.9999999721341322,66.0,2.8499999046325684,7.849999904632568
CMA-ES,Energy_Saving_Focus,12,Balanced_Performance,0.9999999999,0.9999999534568867,66.0,2.8499999046325684,7.849999904632568
CMA-ES,Energy_Saving_Focus,12,Energy_Generation_Focus,1.0,0.999999937095866,66.0,2.8499999046325684,7.849999904632568
CMA-ES,Energy_Saving_Focus,12,Energy_Saving_Focus,1.0,0.9999999721341322,66.0,2.8499999046325684,7.849999904632568
CMA-ES,Energy_Saving_Focus,13,Balanced_Performance,0.9999999999,0.9999999534568867,66.0,2.8499999046325684,7.849999904632568
CMA-ES,Energy_Saving_Focus,13,Energy_Generation_Focus,1.0,0.999999937095866,66.0,2.8499999046325684,7.849999904632568
CMA-ES,Energy_Saving_Focus,13,Energy_Saving_Focus,1.0,0.9999999721341322,66.0,2.8499999046325684,7.849999904632568
CMA-ES,Energy_Saving_Focus,14,Balanced_Performance,0.9999999999,0.9999999534568867,66.0,2.8499999046325684,7.849999904632568
CMA-ES,Energy_Saving_Focus,14,Energy_Generation_Focus,1.0,0.999999937095866,66.0,2.8499999046325684,7.849999904632568
CMA-ES,Energy_Saving_Focus,14,Energy_Saving_Focus,1.0,0.9999999721341322,66.0,2.8499999046325684,7.849999904632568
CMA-ES,Energy_Saving_Focus,15,Balanced_Performance,0.9999999999,0.9999999534568867,66.0,2.8499999046325684,7.849999904632568
CMA-ES,Energy_Saving_Focus,15,Energy_Generation_Focus,1.0,0.999999937095866,66.0,2.8499999046325684,7.849999904632568
CMA-ES,Energy_Saving_Focus,15,Energy_Saving_Focus,1.0,0.9999999721341322,66.0,2.8499999046325684,7.849999904632568
CMA-ES,Energy_Saving_Focus,16,Balanced_Performance,0.9999999999,0.9999999534568867,66.0,2.8499999046325684,7.849999904632568
CMA-ES,Energy_Saving_Focus,16,Energy_Generation_Focus,1.0,0.999999937095866,66.0,2.8499999046325684,7.849999904632568
CMA-ES,Energy_Saving_Focus,16,Energy_Saving_Focus,1.0,0.9999999721341322,66.0,2.8499999046325684,7.849999904632568
CMA-ES,Energy_Saving_Focus,17,Balanced_Performance,0.9999999999,0.9999999534568867,66.0,2.8499999046325684,7.849999904632568
CMA-ES,Energy_Saving_Focus,17,Energy_Generation_Focus,1.0,0.999999937095866,66.0,2.8499999046325684,7.849999904632568
CMA-ES,Energy_Saving_Focus,17,Energy_Saving_Focus,1.0,0.9999999721341322,66.0,2.8499999046325684,7.849999904632568
CMA-ES,Energy_Saving_Focus,18,Balanced_Performance,0.9999999999,0.9999999534568867,66.0,2.8499999046325684,7.849999904632568
CMA-ES,Energy_Saving_Focus,18,Energy_Generation_Focus,1.0,0.999999937095866,66.0,2.8499999046325684,7.849999904632568
CMA-ES,Energy_Saving_Focus,18,Energy_Saving_Focus,1.0,0.9999999721341322,66.0,2.8499999046325684,7.849999904632568
CMA-ES,Energy_Saving_Focus,19,Balanced_Performance,0.9999999999,0.9999999534568867,66.0,2.8499999046325684,7.849999904632568
CMA-ES,Energy_Saving_Focus,19,Energy_Generation_Focus,1.0,0.999999937095866,66.0,2.8499999046325684,7.849999904632568
CMA-ES,Energy_Saving_Focus,19,Energy_Saving_Focus,1.0,0.9999999721341322,66.0,2.8499999046325684,7.849999904632568
DDPG,Balanced_Performance,0,Balanced_Performance,0.6649547435874079,0.8876896949450707,67.57250213623047,2.7231595516204834,7.679635524749756
DDPG,Balanced_Performance,0,Energy_Generation_Focus,0.6226481080245043,0.8860122748252344,67.57250213623047,2.7231595516204834,7.679635524749756
DDPG,Balanced_Performance,0,Energy_Saving_Focus,0.6734666389598316,0.8814098281084548,67.57250213623047,2.7231595516204834,7.679635524749756
DDPG,Balanced_Performance,1,Balanced_Performance,0.6366114176852852,0.8884008413018281,67.05792999267578,2.642030477523804,7.743717193603516
DDPG,Balanced_Performance,1,Energy_Generation_Focus,0.4928620514978372,0.8566319096206365,67.05792999267578,2.642030477523804,7.743717193603516
DDPG,Balanced_Performance,1,Energy_Saving_Focus,0.6975302207465675,0.8985920711144078,67.05792999267578,2.642030477523804,7.743717193603516
DDPG,Balanced_Performance,2,Balanced_Performance,0.6257880630321295,0.8720118351678232,67.96333312988281,2.7249276638031006,7.64858865737915
DDPG,Balanced_Performance,2,Energy_Generation_Focus,0.6016060076831541,0.8772551684124729,67.96333312988281,2.7249276638031006,7.64858865737915
DDPG,Balanced_Performance,2,Energy_Saving_Focus,0.6187732131070552,0.8592768300922883,67.96333312988281,2.7249276638031006,7.64858865737915
DDPG,Balanced_Performance,3,Balanced_Performance,0.6181404487199726,0.8702074699817646,68.1377944946289,2.712786197662353,7.6853485107421875
DDPG,Balanced_Performance,3,Energy_Generation_Focus,0.5801392076225117,0.8717117400407756,68.1377944946289,2.712786197662353,7.6853485107421875
DDPG,Balanced_Performance,3,Energy_Saving_Focus,0.6002603491600744,0.8525133806781967,68.1377944946289,2.712786197662353,7.6853485107421875
DDPG,Balanced_Performance,4,Balanced_Performance,0.6253422911213921,0.8746828519823674,67.50567626953125,2.7113523483276367,7.6176676750183105
DDPG,Balanced_Performance,4,Energy_Generation_Focus,0.5824670742993787,0.8738701689097543,67.50567626953125,2.7113523483276367,7.6176676750183105
DDPG,Balanced_Performance,4,Energy_Saving_Focus,0.6550327443813078,0.8757817136108619,67.50567626953125,2.7113523483276367,7.6176676750183105
DDPG,Balanced_Performance,5,Balanced_Performance,0.733125514077819,0.9104580279694184,67.16808319091797,2.751469135284424,7.696928024291992
DDPG,Balanced_Performance,5,Energy_Generation_Focus,0.7029046071782039,0.9100742963538776,67.16808319091797,2.751469135284424,7.696928024291992
DDPG,Balanced_Performance,5,Energy_Saving_Focus,0.7466470147755495,0.9082395624618356,67.16808319091797,2.751469135284424,7.696928024291992
DDPG,Balanced_Performance,6,Balanced_Performance,0.6824066794105366,0.8917210691737978,68.13973236083984,2.7308316230773926,7.77406120300293
DDPG,Balanced_Performance,6,Energy_Generation_Focus,0.6437844557848403,0.8912498402792771,68.13973236083984,2.7308316230773926,7.77406120300293
DDPG,Balanced_Performance,6,Energy_Saving_Focus,0.638665420546247,0.8653584391802851,68.13973236083984,2.7308316230773926,7.77406120300293
DDPG,Balanced_Performance,7,Balanced_Performance,0.609618390563208,0.8696365908748636,68.0467300415039,2.6935038566589355,7.701174736022949
DDPG,Balanced_Performance,7,Energy_Generation_Focus,0.5482209879738655,0.86428482554257,68.0467300415039,2.6935038566589355,7.701174736022949
DDPG,Balanced_Performance,7,Energy_Saving_Focus,0.6024152469198858,0.8551361040334922,68.0467300415039,2.6935038566589355,7.701174736022949
DDPG,Balanced_Performance,8,Balanced_Performance,0.6465496246060527,0.8813461730436007,67.94053649902344,2.7115750312805176,7.719398021697998
DDPG,Balanced_Performance,8,Energy_Generation_Focus,0.595501032922536,0.8779499758983678,67.94053649902344,2.7115750312805176,7.719398021697998
DDPG,Balanced_Performance,8,Energy_Saving_Focus,0.633049618917542,0.865619739239945,67.94053649902344,2.7115750312805176,7.719398021697998
DDPG,Balanced_Performance,9,Balanced_Performance,0.5916277885483562,0.8696906394790868,67.90286254882812,2.6413612365722656,7.768172264099121
DDPG,Balanced_Performance,9,Energy_Generation_Focus,0.4649415412541309,0.8451599074931209,67.90286254882812,2.6413612365722656,7.768172264099121
DDPG,Balanced_Performance,9,Energy_Saving_Focus,0.6031033905242111,0.8598531624439139,67.90286254882812,2.6413612365722656,7.768172264099121
DDPG,Balanced_Performance,10,Balanced_Performance,0.5909272990464574,0.8683960809941828,67.43635559082031,2.659942388534546,7.659544944763184
DDPG,Balanced_Performance,10,Energy_Generation_Focus,0.4903514875105261,0.8512099405842215,67.43635559082031,2.659942388534546,7.659544944763184
DDPG,Balanced_Performance,10,Energy_Saving_Focus,0.6399164446183396,0.8742668786437221,67.43635559082031,2.659942388534546,7.659544944763184
DDPG,Balanced_Performance,11,Balanced_Performance,0.5757055966619977,0.8569433007613614,68.25617980957031,2.69052791595459,7.667447090148926
DDPG,Balanced_Performance,11,Energy_Generation_Focus,0.5237363634672441,0.8555754823783169,68.25617980957031,2.69052791595459,7.667447090148926
DDPG,Balanced_Performance,11,Energy_Saving_Focus,0.5653507436869827,0.8407000033940096,68.25617980957031,2.69052791595459,7.667447090148926
DDPG,Balanced_Performance,12,Balanced_Performance,0.4276044683716531,0.8091890284624659,68.79367065429688,2.6222376823425293,7.599639892578125
DDPG,Balanced_Performance,12,Energy_Generation_Focus,0.3399432988399778,0.8018328925586368,68.79367065429688,2.6222376823425293,7.599639892578125
DDPG,Balanced_Performance,12,Energy_Saving_Focus,0.4335912777041258,0.794545603531271,68.79367065429688,2.6222376823425293,7.599639892578125
DDPG,Balanced_Performance,13,Balanced_Performance,0.5683725996756184,0.8509828843926786,68.74353790283203,2.706934690475464,7.679839611053467
DDPG,Balanced_Performance,13,Energy_Generation_Focus,0.5421441352073642,0.8580271282705193,68.74353790283203,2.706934690475464,7.679839611053467
DDPG,Balanced_Performance,13,Energy_Saving_Focus,0.522053404791863,0.8212543453035969,68.74353790283203,2.706934690475464,7.679839611053467
DDPG,Balanced_Performance,14,Balanced_Performance,0.5871196863974295,0.8600674264470083,68.29475402832031,2.698664665222168,7.676735877990723
DDPG,Balanced_Performance,14,Energy_Generation_Focus,0.5418959667192371,0.860439422658301,68.29475402832031,2.698664665222168,7.676735877990723
DDPG,Balanced_Performance,14,Energy_Saving_Focus,0.5691204710962394,0.8413184208177131,68.29475402832031,2.698664665222168,7.676735877990723
DDPG,Balanced_Performance,15,Balanced_Performance,0.6228336542098112,0.8728890718957769,67.71199798583984,2.7140889167785645,7.63407564163208
DDPG,Balanced_Performance,15,Energy_Generation_Focus,0.584766081466876,0.8737993239050316,67.71199798583984,2.7140889167785645,7.63407564163208
DDPG,Balanced_Performance,15,Energy_Saving_Focus,0.6370603947264639,0.8679871749563424,67.71199798583984,2.7140889167785645,7.63407564163208
DDPG,Balanced_Performance,16,Balanced_Performance,0.7041497213945438,0.9045475324084966,66.96698760986328,2.716348886489868,7.6935296058654785
DDPG,Balanced_Performance,16,Energy_Generation_Focus,0.6366973762967136,0.8936247195267888,66.96698760986328,2.716348886489868,7.6935296058654785
DDPG,Balanced_Performance,16,Energy_Saving_Focus,0.74531159282539,0.9112413617317976,66.96698760986328,2.716348886489868,7.6935296058654785
DDPG,Balanced_Performance,17,Balanced_Performance,0.7042438646753546,0.8987914733000943,67.88671112060547,2.7443947792053223,7.752227783203125
DDPG,Balanced_Performance,17,Energy_Generation_Focus,0.6757413340933907,0.9004752249681498,67.88671112060547,2.7443947792053223,7.752227783203125
DDPG,Balanced_Performance,17,Energy_Saving_Focus,0.6719621311157904,0.8778395873348478,67.88671112060547,2.7443947792053223,7.752227783203125
DDPG,Balanced_Performance,18,Balanced_Performance,0.6227734390575397,0.8732141821359591,68.10196685791016,2.7028403282165527,7.713440418243408
DDPG,Balanced_Performance,18,Energy_Generation_Focus,0.5690929379250256,0.8698616265560897,68.10196685791016,2.7028403282165527,7.713440418243408
DDPG,Balanced_Performance,18,Energy_Saving_Focus,0.6058996566793283,0.8554840314501359,68.10196685791016,2.7028403282165527,7.713440418243408
DDPG,Balanced_Performance,19,Balanced_Performance,0.5586909718789455,0.8490578459045052,68.45439147949219,2.699558734893799,7.638291835784912
DDPG,Balanced_Performance,19,Energy_Generation_Focus,0.5260816121944297,0.8541621580773487,68.45439147949219,2.699558734893799,7.638291835784912
DDPG,Balanced_Performance,19,Energy_Saving_Focus,0.5393220889266503,0.8295145401066147,68.45439147949219,2.699558734893799,7.638291835784912
DDPG,Energy_Generation_Focus,0,Balanced_Performance,0.6544933565374369,0.8707529474059849,69.72306823730469,2.784921407699585,7.80411958694458
DDPG,Energy_Generation_Focus,0,Energy_Generation_Focus,0.7022283618339312,0.8985417082285526,69.72306823730469,2.784921407699585,7.80411958694458
DDPG,Energy_Generation_Focus,0,Energy_Saving_Focus,0.4955465456296544,0.8012208077557826,69.72306823730469,2.784921407699585,7.80411958694458
DDPG,Energy_Generation_Focus,1,Balanced_Performance,0.6375637008643459,0.8692419928379258,68.21939086914062,2.7781553268432617,7.581570625305176
DDPG,Energy_Generation_Focus,1,Energy_Generation_Focus,0.6826648280074779,0.8951492580995414,68.21939086914062,2.7781553268432617,7.581570625305176
DDPG,Energy_Generation_Focus,1,Energy_Saving_Focus,0.6054018441192268,0.8492771441979486,68.21939086914062,2.7781553268432617,7.581570625305176
DDPG,Energy_Generation_Focus,2,Balanced_Performance,0.2900246994152758,0.7550948611315169,68.49625396728516,2.656277894973755,7.198214530944824
DDPG,Energy_Generation_Focus,2,Energy_Generation_Focus,0.3047158007085927,0.7818828632827892,68.49625396728516,2.656277894973755,7.198214530944824
DDPG,Energy_Generation_Focus,2,Energy_Saving_Focus,0.3747811521854627,0.7717736182681463,68.49625396728516,2.656277894973755,7.198214530944824
DDPG,Energy_Generation_Focus,3,Balanced_Performance,0.6221205844500401,0.8661106612412967,67.70419311523438,2.7680513858795166,7.504048347473144
DDPG,Energy_Generation_Focus,3,Energy_Generation_Focus,0.6593531541012265,0.88955824243784,67.70419311523438,2.7680513858795166,7.504048347473144
DDPG,Energy_Generation_Focus,3,Energy_Saving_Focus,0.6372554834759063,0.8641742716252714,67.70419311523438,2.7680513858795166,7.504048347473144
DDPG,Energy_Generation_Focus,4,Balanced_Performance,0.508903714117847,0.8222681687671933,69.8824691772461,2.738436698913574,7.638613224029541
DDPG,Energy_Generation_Focus,4,Energy_Generation_Focus,0.550254730158408,0.8523722265657375,69.8824691772461,2.738436698913574,7.638613224029541
DDPG,Energy_Generation_Focus,4,Energy_Saving_Focus,0.3954704833973825,0.7669395094895726,69.8824691772461,2.738436698913574,7.638613224029541
DDPG,Energy_Generation_Focus,5,Balanced_Performance,0.83705874962987,0.9431537121218396,67.2633285522461,2.795984983444214,7.816663265228271
DDPG,Energy_Generation_Focus,5,Energy_Generation_Focus,0.8271474200521944,0.946046956319138,67.2633285522461,2.795984983444214,7.816663265228271
DDPG,Energy_Generation_Focus,5,Energy_Saving_Focus,0.801405132381674,0.9247555829393096,67.2633285522461,2.795984983444214,7.816663265228271
DDPG,Energy_Generation_Focus,6,Balanced_Performance,0.6112908059181817,0.8639142205698315,68.38665008544922,2.7385387420654297,7.644285202026367
DDPG,Energy_Generation_Focus,6,Energy_Generation_Focus,0.6118288386187413,0.8773973485946057,68.38665008544922,2.7385387420654297,7.644285202026367
DDPG,Energy_Generation_Focus,6,Energy_Saving_Focus,0.5762886372955611,0.8406341676903879,68.38665008544922,2.7385387420654297,7.644285202026367
DDPG,Energy_Generation_Focus,7,Balanced_Performance,0.6878084320112012,0.8867726736480355,68.01531982421875,2.790812492370605,7.626465320587158
DDPG,Energy_Generation_Focus,7,Energy_Generation_Focus,0.730406788003126,0.91031794527085,68.01531982421875,2.790812492370605,7.626465320587158
DDPG,Energy_Generation_Focus,7,Energy_Saving_Focus,0.6518362173478378,0.8664405366762853,68.01531982421875,2.790812492370605,7.626465320587158
DDPG,Energy_Generation_Focus,8,Balanced_Performance,0.9444781185735602,0.9797359212029982,66.35647583007812,2.840564489364624,7.807404518127441
DDPG,Energy_Generation_Focus,8,Energy_Generation_Focus,0.9535704056035622,0.9843749192845326,66.35647583007812,2.840564489364624,7.807404518127441
DDPG,Energy_Generation_Focus,8,Energy_Saving_Focus,0.9382354444126576,0.9762339472771542,66.35647583007812,2.840564489364624,7.807404518127441
DDPG,Energy_Generation_Focus,9,Balanced_Performance,0.6186452808510251,0.859364264937186,68.55315399169922,2.79492449760437,7.548636436462402
DDPG,Energy_Generation_Focus,9,Energy_Generation_Focus,0.6946251242682695,0.8953836624836663,68.55315399169922,2.79492449760437,7.548636436462402
DDPG,Energy_Generation_Focus,9,Energy_Saving_Focus,0.5674121360082869,0.8324824756540163,68.55315399169922,2.79492449760437,7.548636436462402
DDPG,Energy_Generation_Focus,10,Balanced_Performance,0.3044814971381837,0.750397409494117,71.01171112060547,2.6850287914276123,7.501037120819092
DDPG,Energy_Generation_Focus,10,Energy_Generation_Focus,0.3533573988977587,0.7896275535893718,71.01171112060547,2.6850287914276123,7.501037120819092
DDPG,Energy_Generation_Focus,10,Energy_Saving_Focus,0.1826888983011791,0.6870465525565159,71.01171112060547,2.6850287914276123,7.501037120819092
DDPG,Energy_Generation_Focus,11,Balanced_Performance,0.5005724959371434,0.8254828987700189,69.54962921142578,2.6936755180358887,7.682233810424805
DDPG,Energy_Generation_Focus,11,Energy_Generation_Focus,0.483032083035778,0.8378556791560943,69.54962921142578,2.6936755180358887,7.682233810424805
DDPG,Energy_Generation_Focus,11,Energy_Saving_Focus,0.4170367286261995,0.7797063193622892,69.54962921142578,2.6936755180358887,7.682233810424805
DDPG,Energy_Generation_Focus,12,Balanced_Performance,0.7560235084639586,0.9101437885202412,67.78157043457031,2.810612201690674,7.687111854553223
DDPG,Energy_Generation_Focus,12,Energy_Generation_Focus,0.7988600284964,0.9316150838235016,67.78157043457031,2.810612201690674,7.687111854553223
DDPG,Energy_Generation_Focus,12,Energy_Saving_Focus,0.7114215172672299,0.8880745791438167,67.78157043457031,2.810612201690674,7.687111854553223
DDPG,Energy_Generation_Focus,13,Balanced_Performance,0.5557915938173,0.8433156605054677,68.53901672363281,2.736320972442627,7.5569891929626465
DDPG,Energy_Generation_Focus,13,Energy_Generation_Focus,0.5754463205024363,0.8642233976752997,68.53901672363281,2.736320972442627,7.5569891929626465
DDPG,Energy_Generation_Focus,13,Energy_Saving_Focus,0.5308282624076527,0.823313652284277,68.53901672363281,2.736320972442627,7.5569891929626465
DDPG,Energy_Generation_Focus,14,Balanced_Performance,0.6573942815540603,0.8788281990691331,68.30326080322266,2.7575955390930176,7.68198299407959
DDPG,Energy_Generation_Focus,14,Energy_Generation_Focus,0.6659823730286212,0.8933472572296539,68.30326080322266,2.7575955390930176,7.68198299407959
DDPG,Energy_Generation_Focus,14,Energy_Saving_Focus,0.6106062764593778,0.8522978858445509,68.30326080322266,2.7575955390930176,7.68198299407959
DDPG,Energy_Generation_Focus,15,Balanced_Performance,0.7217252111492832,0.8904355032279699,68.72614288330078,2.848583221435547,7.655573844909668
DDPG,Energy_Generation_Focus,15,Energy_Generation_Focus,0.8310657511528656,0.9337407735081982,68.72614288330078,2.848583221435547,7.655573844909668
DDPG,Energy_Generation_Focus,15,Energy_Saving_Focus,0.6154533214215223,0.8454923351617964,68.72614288330078,2.848583221435547,7.655573844909668
DDPG,Energy_Generation_Focus,16,Balanced_Performance,0.4008929940068257,0.786049736832801,68.87875366210938,2.73011326789856,7.301785469055176
DDPG,Energy_Generation_Focus,16,Energy_Generation_Focus,0.4738776365448141,0.8275831151285207,68.87875366210938,2.73011326789856,7.301785469055176
DDPG,Energy_Generation_Focus,16,Energy_Saving_Focus,0.4107736578824149,0.7778915462180747,68.87875366210938,2.73011326789856,7.301785469055176
DDPG,Energy_Generation_Focus,17,Balanced_Performance,0.736002799773466,0.9140495289351164,67.25682067871094,2.728671073913574,7.768708229064941
DDPG,Energy_Generation_Focus,17,Energy_Generation_Focus,0.6729386811013991,0.9038531242176496,67.25682067871094,2.728671073913574,7.768708229064941
DDPG,Energy_Generation_Focus,17,Energy_Saving_Focus,0.7412909757622195,0.9075049831251448,67.25682067871094,2.728671073913574,7.768708229064941
DDPG,Energy_Generation_Focus,18,Balanced_Performance,0.5293595708934061,0.8319790927848093,68.47071075439453,2.75089430809021,7.459368705749512
DDPG,Energy_Generation_Focus,18,Energy_Generation_Focus,0.5798459560107324,0.8627757420891498,68.47071075439453,2.75089430809021,7.459368705749512
DDPG,Energy_Generation_Focus,18,Energy_Saving_Focus,0.5204207570678395,0.818735898194995,68.47071075439453,2.75089430809021,7.459368705749512
DDPG,Energy_Generation_Focus,19,Balanced_Performance,0.7909356005747491,0.9206022545367508,68.16679382324219,2.822303056716919,7.782963752746582
DDPG,Energy_Generation_Focus,19,Energy_Generation_Focus,0.8360591066471115,0.9421854168864028,68.16679382324219,2.822303056716919,7.782963752746582
DDPG,Energy_Generation_Focus,19,Energy_Saving_Focus,0.7016229151308864,0.8818059720605923,68.16679382324219,2.822303056716919,7.782963752746582
DDPG,Energy_Saving_Focus,0,Balanced_Performance,0.7257719028629799,0.9038544292379064,67.65015411376953,2.7732372283935547,7.695892333984375
DDPG,Energy_Saving_Focus,0,Energy_Generation_Focus,0.7287529468786617,0.9141097965559548,67.65015411376953,2.7732372283935547,7.695892333984375
DDPG,Energy_Saving_Focus,0,Energy_Saving_Focus,0.7037592925921368,0.8885801563828,67.65015411376953,2.7732372283935547,7.695892333984375
DDPG,Energy_Saving_Focus,1,Balanced_Performance,0.5725611791622358,0.8622048237623836,66.90416717529297,2.6665663719177246,7.534226894378662
DDPG,Energy_Saving_Focus,1,Energy_Generation_Focus,0.4885400218628631,0.8499288566162835,66.90416717529297,2.6665663719177246,7.534226894378662
DDPG,Energy_Saving_Focus,1,Energy_Saving_Focus,0.6713723585870388,0.8878813024973129,66.90416717529297,2.6665663719177246,7.534226894378662
DDPG,Energy_Saving_Focus,2,Balanced_Performance,0.6965999504785931,0.9008097859327172,66.73548126220703,2.729193210601806,7.616369724273682
DDPG,Energy_Saving_Focus,2,Energy_Generation_Focus,0.6500228100478961,0.8961011129226182,66.73548126220703,2.729193210601806,7.616369724273682
DDPG,Energy_Saving_Focus,2,Energy_Saving_Focus,0.7592589602740725,0.9165370492068636,66.73548126220703,2.729193210601806,7.616369724273682
DDPG,Energy_Saving_Focus,3,Balanced_Performance,0.6692978432746144,0.8883865167929894,66.9012222290039,2.7450592517852783,7.54567289352417
DDPG,Energy_Saving_Focus,3,Energy_Generation_Focus,0.6556974253473633,0.8944763801827028,66.9012222290039,2.7450592517852783,7.54567289352417
DDPG,Energy_Saving_Focus,3,Energy_Saving_Focus,0.7296494022349177,0.903686211984834,66.9012222290039,2.7450592517852783,7.54567289352417
DDPG,Energy_Saving_Focus,4,Balanced_Performance,0.5137132458937764,0.8312388916750896,66.60298919677734,2.749496459960937,7.177362442016602
DDPG,Energy_Saving_Focus,4,Energy_Generation_Focus,0.5685149686462343,0.8618180480370955,66.60298919677734,2.749496459960937,7.177362442016602
DDPG,Energy_Saving_Focus,4,Energy_Saving_Focus,0.6601015346700504,0.879108733972754,66.60298919677734,2.749496459960937,7.177362442016602
DDPG,Energy_Saving_Focus,5,Balanced_Performance,0.6599676268431741,0.8779143879627105,67.19161987304688,2.796867847442627,7.443614959716797
DDPG,Energy_Saving_Focus,5,Energy_Generation_Focus,0.7221200432010508,0.907227728568683,67.19161987304688,2.796867847442627,7.443614959716797
DDPG,Energy_Saving_Focus,5,Energy_Saving_Focus,0.7008737478091627,0.8879469744027362,67.19161987304688,2.796867847442627,7.443614959716797
DDPG,Energy_Saving_Focus,6,Balanced_Performance,0.7275444682606139,0.9061459875833916,66.49874114990234,2.7844603061676025,7.516775608062744
DDPG,Energy_Saving_Focus,6,Energy_Generation_Focus,0.745418037224335,0.9196081223202572,66.49874114990234,2.7844603061676025,7.516775608062744
DDPG,Energy_Saving_Focus,6,Energy_Saving_Focus,0.7967206237153712,0.9274475279831248,66.49874114990234,2.7844603061676025,7.516775608062744
DDPG,Energy_Saving_Focus,7,Balanced_Performance,0.5329505876206919,0.8450032139096941,67.2199935913086,2.681175470352173,7.461755275726318
DDPG,Energy_Saving_Focus,7,Energy_Generation_Focus,0.4850822311672982,0.8449753151003713,67.2199935913086,2.681175470352173,7.461755275726318
DDPG,Energy_Saving_Focus,7,Energy_Saving_Focus,0.6223989309921102,0.8672763618089642,67.2199935913086,2.681175470352173,7.461755275726318
DDPG,Energy_Saving_Focus,8,Balanced_Performance,0.3788993294390411,0.7998543243958356,68.18694305419922,2.564023733139038,7.555535793304443
DDPG,Energy_Saving_Focus,8,Energy_Generation_Focus,0.2297951856485079,0.7748440992869718,68.18694305419922,2.564023733139038,7.555535793304443
DDPG,Energy_Saving_Focus,8,Energy_Saving_Focus,0.4527929806469058,0.8087011124763199,68.18694305419922,2.564023733139038,7.555535793304443
DDPG,Energy_Saving_Focus,9,Balanced_Performance,0.5293980805844857,0.8414410696268572,67.3833236694336,2.6962575912475586,7.441028594970703
DDPG,Energy_Saving_Focus,9,Energy_Generation_Focus,0.5039168544808247,0.8483792427273217,67.3833236694336,2.6962575912475586,7.441028594970703
DDPG,Energy_Saving_Focus,9,Energy_Saving_Focus,0.6072315534570867,0.859820703125843,67.3833236694336,2.6962575912475586,7.441028594970703
DDPG,Energy_Saving_Focus,10,Balanced_Performance,0.4335853175719251,0.8228728952687887,67.17500305175781,2.5622572898864746,7.533969402313232
DDPG,Energy_Saving_Focus,10,Energy_Generation_Focus,0.2601511905691702,0.7880062455272552,67.17500305175781,2.5622572898864746,7.533969402313232
DDPG,Energy_Saving_Focus,10,Energy_Saving_Focus,0.5663706015861516,0.855463157560293,67.17500305175781,2.5622572898864746,7.533969402313232
DDPG,Energy_Saving_Focus,11,Balanced_Performance,0.5438573654073537,0.843739607241841,67.16059112548828,2.726100444793701,7.369785785675049
DDPG,Energy_Saving_Focus,11,Energy_Generation_Focus,0.5540779086048974,0.8607227147332375,67.16059112548828,2.726100444793701,7.369785785675049
DDPG,Energy_Saving_Focus,11,Energy_Saving_Focus,0.6336840902290223,0.8684524674864939,67.16059112548828,2.726100444793701,7.369785785675049
DDPG,Energy_Saving_Focus,12,Balanced_Performance,0.5368016399418915,0.8385696072159619,66.95380401611328,2.7517435550689697,7.266743659973144
DDPG,Energy_Saving_Focus,12,Energy_Generation_Focus,0.5854917622023013,0.8670420665083536,66.95380401611328,2.7517435550689697,7.266743659973144
DDPG,Energy_Saving_Focus,12,Energy_Saving_Focus,0.6459549669017646,0.8720838922537426,66.95380401611328,2.7517435550689697,7.266743659973144
DDPG,Energy_Saving_Focus,13,Balanced_Performance,0.6583258688792242,0.8817055494026762,66.76049041748047,2.769831657409668,7.445661544799805
DDPG,Energy_Saving_Focus,13,Energy_Generation_Focus,0.6835511358440326,0.8995692521690659,66.76049041748047,2.769831657409668,7.445661544799805
DDPG,Energy_Saving_Focus,13,Energy_Saving_Focus,0.7342984541036206,0.9042601564007772,66.76049041748047,2.769831657409668,7.445661544799805
DDPG,Energy_Saving_Focus,14,Balanced_Performance,0.6698691377076442,0.8920242469878434,67.73406219482422,2.6988651752471924,7.768986701965332
DDPG,Energy_Saving_Focus,14,Energy_Generation_Focus,0.5918243727615572,0.879687182939312,67.73406219482422,2.6988651752471924,7.768986701965332
DDPG,Energy_Saving_Focus,14,Energy_Saving_Focus,0.6635206727940992,0.8787498227934016,67.73406219482422,2.6988651752471924,7.768986701965332
DDPG,Energy_Saving_Focus,15,Balanced_Performance,0.7276612728490481,0.9180910759109304,66.41275024414062,2.688038825988769,7.733192443847656
DDPG,Energy_Saving_Focus,15,Energy_Generation_Focus,0.61144960744923,0.8913496487250621,66.41275024414062,2.688038825988769,7.733192443847656
DDPG,Energy_Saving_Focus,15,Energy_Saving_Focus,0.8036539037830782,0.9374146263880596,66.41275024414062,2.688038825988769,7.733192443847656
DDPG,Energy_Saving_Focus,16,Balanced_Performance,0.8590088135515894,0.946872327564813,66.69766235351562,2.844285249710083,7.670559406280518
DDPG,Energy_Saving_Focus,16,Energy_Generation_Focus,0.9074611678059862,0.966023781053716,66.69766235351562,2.844285249710083,7.670559406280518
DDPG,Energy_Saving_Focus,16,Energy_Saving_Focus,0.8597227209533328,0.9454060376868836,66.69766235351562,2.844285249710083,7.670559406280518
DDPG,Energy_Saving_Focus,17,Balanced_Performance,0.3829065345707996,0.7886709803544949,67.69993591308594,2.67902946472168,7.22587776184082
DDPG,Energy_Saving_Focus,17,Energy_Generation_Focus,0.3920725698440707,0.8103875263797025,67.69993591308594,2.67902946472168,7.22587776184082
DDPG,Energy_Saving_Focus,17,Energy_Saving_Focus,0.494066833864199,0.8178490865769208,67.69993591308594,2.67902946472168,7.22587776184082
DDPG,Energy_Saving_Focus,18,Balanced_Performance,0.6861958025163428,0.895898569127911,66.74332427978516,2.7378897666931152,7.5756611824035645
DDPG,Energy_Saving_Focus,18,Energy_Generation_Focus,0.6558696756382106,0.8963495223301826,66.74332427978516,2.7378897666931152,7.5756611824035645
DDPG,Energy_Saving_Focus,18,Energy_Saving_Focus,0.7523904962641356,0.913334933915708,66.74332427978516,2.7378897666931152,7.5756611824035645
DDPG,Energy_Saving_Focus,19,Balanced_Performance,0.3790116440224078,0.7880257174927796,67.36038208007812,2.679793119430542,7.170061111450195
DDPG,Energy_Saving_Focus,19,Energy_Generation_Focus,0.3907972157879023,0.8102809375788764,67.36038208007812,2.679793119430542,7.170061111450195
DDPG,Energy_Saving_Focus,19,Energy_Saving_Focus,0.5188307299568394,0.8285185184184438,67.36038208007812,2.679793119430542,7.170061111450195
NSGA-II,NSGA-II,20260310,Balanced_Performance,0.9999995323705076,0.9999997810113064,66.0,2.8499999046325684,7.849999904632568
NSGA-II,NSGA-II,20260310,Energy_Generation_Focus,0.9999997194823048,0.9999998336285176,66.0,2.8499999046325684,7.849999904632568
NSGA-II,NSGA-II,20260310,Energy_Saving_Focus,0.9999997194823048,0.999999868666784,66.0,2.8499999046325684,7.849999904632568
NSGA-II,NSGA-II,20260311,Balanced_Performance,0.9998655583059632,0.9999587358174872,66.0,2.8499999046325684,7.849999904632568
NSGA-II,NSGA-II,20260311,Energy_Generation_Focus,0.9998836508348866,0.9999584636515314,66.0,2.8499999046325684,7.849999904632568
NSGA-II,NSGA-II,20260311,Energy_Saving_Focus,0.9999059386864656,0.9999697761082958,66.0,2.8499999046325684,7.849999904632568
NSGA-II,NSGA-II,20260312,Balanced_Performance,0.9986613720993408,0.9994828135556232,66.00001525878906,2.8499999046325684,7.84999942779541
NSGA-II,NSGA-II,20260312,Energy_Generation_Focus,0.9991603656766764,0.999680017631884,66.00001525878906,2.8499999046325684,7.84999942779541
NSGA-II,NSGA-II,20260312,Energy_Saving_Focus,0.9986188158235588,0.9996120502094592,66.00001525878906,2.8499999046325684,7.84999942779541
NSGA-II,NSGA-II,20260313,Balanced_Performance,0.999922028157378,0.9999743574466669,66.0,2.8499999046325684,7.849999904632568
NSGA-II,NSGA-II,20260313,Energy_Generation_Focus,0.9999341291389184,0.999975221537681,66.0,2.8499999046325684,7.849999904632568
NSGA-II,NSGA-II,20260313,Energy_Saving_Focus,0.9999425748837288,0.9999806363115156,66.0,2.8499999046325684,7.849999904632568
NSGA-II,NSGA-II,20260314,Balanced_Performance,0.9999608065454282,0.9999874246280168,66.0,2.8499999046325684,7.849999904632568
NSGA-II,NSGA-II,20260314,Energy_Generation_Focus,0.9999644326095312,0.9999861401293568,66.0,2.8499999046325684,7.849999904632568
NSGA-II,NSGA-II,20260314,Energy_Saving_Focus,0.9999691768833796,0.9999894736865216,66.0,2.8499999046325684,7.849999904632568
NSGA-II,NSGA-II,20260315,Balanced_Performance,0.998378176026895,0.9993926475241371,66.00000762939453,2.849998950958252,7.849999904632568
NSGA-II,NSGA-II,20260315,Energy_Generation_Focus,0.998987133702024,0.9996250420563332,66.00000762939453,2.849998950958252,7.849999904632568
NSGA-II,NSGA-II,20260315,Energy_Saving_Focus,0.9986414559466308,0.9994835928128672,66.00000762939453,2.849998950958252,7.849999904632568
NSGA-II,NSGA-II,20260316,Balanced_Performance,0.9989252711635944,0.999600386518475,66.0,2.8499999046325684,7.849999904632568
NSGA-II,NSGA-II,20260316,Energy_Generation_Focus,0.999336822180102,0.9997481145028052,66.0,2.8499999046325684,7.849999904632568
NSGA-II,NSGA-II,20260316,Energy_Saving_Focus,0.9992388723191948,0.9997234417822242,66.0,2.8499999046325684,7.849999904632568
NSGA-II,NSGA-II,20260317,Balanced_Performance,0.9995748453174578,0.9998418693883876,66.0,2.8499996662139893,7.849999904632568
NSGA-II,NSGA-II,20260317,Energy_Generation_Focus,0.9997134211043536,0.9998967650665448,66.0,2.8499996662139893,7.849999904632568
NSGA-II,NSGA-II,20260317,Energy_Saving_Focus,0.9996616418976072,0.9998789092171232,66.0,2.8499996662139893,7.849999904632568
NSGA-II,NSGA-II,20260318,Balanced_Performance,0.9961546431193448,0.9985906859082904,66.0,2.8499999046325684,7.849997997283935
NSGA-II,NSGA-II,20260318,Energy_Generation_Focus,0.9968608888082156,0.998934511446496,66.0,2.8499999046325684,7.849997997283935
NSGA-II,NSGA-II,20260318,Energy_Saving_Focus,0.9964669003905424,0.9987614194390666,66.0,2.8499999046325684,7.849997997283935
NSGA-II,NSGA-II,20260319,Balanced_Performance,0.9997173488540544,0.9999088893108294,66.0,2.8499999046325684,7.849998950958252
NSGA-II,NSGA-II,20260319,Energy_Generation_Focus,0.9996441439607758,0.9998960698442774,66.0,2.8499999046325684,7.849998950958252
NSGA-II,NSGA-II,20260319,Energy_Saving_Focus,0.9997372437980088,0.9999073239803244,66.0,2.8499999046325684,7.849998950958252
NSGA-II,NSGA-II,20260320,Balanced_Performance,0.9998985800752174,0.9999627199072828,66.0,2.8499999046325684,7.849999904632568
NSGA-II,NSGA-II,20260320,Energy_Generation_Focus,0.9999195935512334,0.9999724288218432,66.0,2.8499999046325684,7.849999904632568
NSGA-II,NSGA-II,20260320,Energy_Saving_Focus,0.999908586186745,0.9999687776686876,66.0,2.8499999046325684,7.849999904632568
NSGA-II,NSGA-II,20260321,Balanced_Performance,0.999043050127407,0.9996541953920666,66.0,2.849998950958252,7.84999942779541
NSGA-II,NSGA-II,20260321,Energy_Generation_Focus,0.9990536307462236,0.9996941123247208,66.0,2.849998950958252,7.84999942779541
NSGA-II,NSGA-II,20260321,Energy_Saving_Focus,0.9986524949762776,0.9994770122231074,66.0,2.849998950958252,7.84999942779541
NSGA-II,NSGA-II,20260322,Balanced_Performance,0.99995110349153,0.9999822879112026,66.0,2.8499999046325684,7.849999904632568
NSGA-II,NSGA-II,20260322,Energy_Generation_Focus,0.9999616496682509,0.9999868453234234,66.0,2.8499999046325684,7.849999904632568
NSGA-II,NSGA-II,20260322,Energy_Saving_Focus,0.9999573256197416,0.9999840347836236,66.0,2.8499999046325684,7.849999904632568
NSGA-II,NSGA-II,20260323,Balanced_Performance,0.9999795415197544,0.9999920156939855,66.0,2.8499999046325684,7.849999904632568
NSGA-II,NSGA-II,20260323,Energy_Generation_Focus,0.9999860678062674,0.9999947364597978,66.0,2.8499999046325684,7.849999904632568
NSGA-II,NSGA-II,20260323,Energy_Saving_Focus,0.9999712839881326,0.9999885018882436,66.0,2.8499999046325684,7.849999904632568
NSGA-II,NSGA-II,20260324,Balanced_Performance,0.9998053742303266,0.9999321409776732,66.0,2.8499999046325684,7.849999904632568
NSGA-II,NSGA-II,20260324,Energy_Generation_Focus,0.9998371553949488,0.9999470738108444,66.0,2.8499999046325684,7.849999904632568
NSGA-II,NSGA-II,20260324,Energy_Saving_Focus,0.9998820067475384,0.9999587877882188,66.0,2.8499999046325684,7.849999904632568
NSGA-II,NSGA-II,20260325,Balanced_Performance,0.999563788564682,0.9998451376039296,66.0,2.8499999046325684,7.849999904632568
NSGA-II,NSGA-II,20260325,Energy_Generation_Focus,0.9996844347638058,0.9998861998157196,66.0,2.8499999046325684,7.849999904632568
NSGA-II,NSGA-II,20260325,Energy_Saving_Focus,0.9997139161858662,0.999897145454723,66.0,2.8499999046325684,7.849999904632568
NSGA-II,NSGA-II,20260326,Balanced_Performance,0.999479837209593,0.9998022764972232,66.0,2.8499999046325684,7.849998950958252
NSGA-II,NSGA-II,20260326,Energy_Generation_Focus,0.9996484618448264,0.9998709070358748,66.0,2.8499999046325684,7.849998950958252
NSGA-II,NSGA-II,20260326,Energy_Saving_Focus,0.9994041431852436,0.999808188339778,66.0,2.8499999046325684,7.849998950958252
NSGA-II,NSGA-II,20260327,Balanced_Performance,0.9982007290307516,0.9994013975303327,66.00000762939453,2.84999942779541,7.849997520446777
NSGA-II,NSGA-II,20260327,Energy_Generation_Focus,0.9981256608642636,0.999430749134294,66.00000762939453,2.84999942779541,7.849997520446777
NSGA-II,NSGA-II,20260327,Energy_Saving_Focus,0.9987931720858524,0.9995889168773204,66.00000762939453,2.84999942779541,7.849997520446777
NSGA-II,NSGA-II,20260328,Balanced_Performance,0.9977246578220008,0.9992164118339224,66.0,2.8499999046325684,7.849997997283935
NSGA-II,NSGA-II,20260328,Energy_Generation_Focus,0.9979712656532364,0.9993544455999308,66.0,2.8499999046325684,7.849997997283935
NSGA-II,NSGA-II,20260328,Energy_Saving_Focus,0.9985702486688344,0.9995035136660988,66.0,2.8499999046325684,7.849997997283935
NSGA-II,NSGA-II,20260329,Balanced_Performance,0.9995969570097964,0.9998706431340734,66.0,2.8499999046325684,7.849999904632568
NSGA-II,NSGA-II,20260329,Energy_Generation_Focus,0.9996693717162536,0.9998848102379996,66.0,2.8499999046325684,7.849999904632568
NSGA-II,NSGA-II,20260329,Energy_Saving_Focus,0.999664399766124,0.999884127845078,66.0,2.8499999046325684,7.849999904632568
RandomSearch,Balanced_Performance,0,Balanced_Performance,0.8219219639364922,0.9428788533155236,66.91184997558594,2.759710788726806,7.823818206787109
RandomSearch,Balanced_Performance,0,Energy_Generation_Focus,0.7676394570801747,0.9325547985246656,66.91184997558594,2.759710788726806,7.823818206787109
RandomSearch,Balanced_Performance,0,Energy_Saving_Focus,0.8203756416663732,0.9360355520390636,66.91184997558594,2.759710788726806,7.823818206787109
RandomSearch,Balanced_Performance,1,Balanced_Performance,0.8366761061492232,0.9519169121673758,66.0,2.7496163845062256,7.754056453704834
RandomSearch,Balanced_Performance,1,Energy_Generation_Focus,0.7624593956766296,0.9342689209593988,66.0,2.7496163845062256,7.754056453704834
RandomSearch,Balanced_Performance,1,Energy_Saving_Focus,0.9020056637397345,0.9711501473575406,66.0,2.7496163845062256,7.754056453704834
RandomSearch,Balanced_Performance,2,Balanced_Performance,0.7807081925686881,0.9271876347333736,66.77128601074219,2.766775369644165,7.703985691070557
RandomSearch,Balanced_Performance,2,Energy_Generation_Focus,0.7527318889408328,0.9257356145355868,66.77128601074219,2.766775369644165,7.703985691070557
RandomSearch,Balanced_Performance,2,Energy_Saving_Focus,0.8068662189927092,0.9311978802971698,66.77128601074219,2.766775369644165,7.703985691070557
RandomSearch,Balanced_Performance,3,Balanced_Performance,0.6472912742477166,0.8842549350655302,67.65428924560547,2.6959691047668457,7.718952655792236
RandomSearch,Balanced_Performance,3,Energy_Generation_Focus,0.5742517366145125,0.8739615712379734,67.65428924560547,2.6959691047668457,7.718952655792236
RandomSearch,Balanced_Performance,3,Energy_Saving_Focus,0.6563408778932469,0.8766858112568717,67.65428924560547,2.6959691047668457,7.718952655792236
RandomSearch,Balanced_Performance,4,Balanced_Performance,0.7528449258529781,0.9219760338339914,66.88262939453125,2.72255802154541,7.766741752624512
RandomSearch,Balanced_Performance,4,Energy_Generation_Focus,0.674546011635441,0.9063630742968668,66.88262939453125,2.72255802154541,7.766741752624512
RandomSearch,Balanced_Performance,4,Energy_Saving_Focus,0.7812616027989064,0.9244453441490386,66.88262939453125,2.72255802154541,7.766741752624512
RandomSearch,Balanced_Performance,5,Balanced_Performance,0.706945942960044,0.9006617679686482,67.70037078857422,2.741186141967773,7.7400407791137695
RandomSearch,Balanced_Performance,5,Energy_Generation_Focus,0.6729021541785115,0.900418539304584,67.70037078857422,2.741186141967773,7.7400407791137695
RandomSearch,Balanced_Performance,5,Energy_Saving_Focus,0.6884557701737816,0.8850293986882656,67.70037078857422,2.741186141967773,7.7400407791137695
RandomSearch,Balanced_Performance,6,Balanced_Performance,0.5890398779345841,0.8654924315743819,67.60653686523438,2.674511194229126,7.644357204437256
RandomSearch,Balanced_Performance,6,Energy_Generation_Focus,0.5094715868782883,0.8548203716614498,67.60653686523438,2.674511194229126,7.644357204437256
RandomSearch,Balanced_Performance,6,Energy_Saving_Focus,0.6252013036980331,0.866983227465268,67.60653686523438,2.674511194229126,7.644357204437256
RandomSearch,Balanced_Performance,7,Balanced_Performance,0.7690615714114253,0.9332957654294212,66.44893646240234,2.68780255317688,7.823109149932861
RandomSearch,Balanced_Performance,7,Energy_Generation_Focus,0.6359613363703951,0.9003856551326682,66.44893646240234,2.68780255317688,7.823109149932861
RandomSearch,Balanced_Performance,7,Energy_Saving_Focus,0.8256059501163756,0.9453591404488644,66.44893646240234,2.68780255317688,7.823109149932861
RandomSearch,Balanced_Performance,8,Balanced_Performance,0.7286580385943433,0.901088813285722,68.15458679199219,2.794020175933838,7.721105575561523
RandomSearch,Balanced_Performance,8,Energy_Generation_Focus,0.75937565310885,0.9200861411364696,68.15458679199219,2.794020175933838,7.721105575561523
RandomSearch,Balanced_Performance,8,Energy_Saving_Focus,0.6652306584555794,0.8704953940138271,68.15458679199219,2.794020175933838,7.721105575561523
RandomSearch,Balanced_Performance,9,Balanced_Performance,0.5860473597480471,0.8680221404913753,67.55389404296875,2.6456425189971924,7.6993279457092285
RandomSearch,Balanced_Performance,9,Energy_Generation_Focus,0.4675448284519349,0.845731763463791,67.55389404296875,2.6456425189971924,7.6993279457092285
RandomSearch,Balanced_Performance,9,Energy_Saving_Focus,0.6276073775140842,0.8702152142310269,67.55389404296875,2.6456425189971924,7.6993279457092285
RandomSearch,Balanced_Performance,10,Balanced_Performance,0.6957759547448329,0.8922844778462408,67.16181945800781,2.7879109382629395,7.533779621124268
RandomSearch,Balanced_Performance,10,Energy_Generation_Focus,0.7311537606123637,0.9125589885423152,67.16181945800781,2.7879109382629395,7.533779621124268
RandomSearch,Balanced_Performance,10,Energy_Saving_Focus,0.7247372068636347,0.8975393927523535,67.16181945800781,2.7879109382629395,7.533779621124268
RandomSearch,Balanced_Performance,11,Balanced_Performance,0.5870078679367229,0.8695801847818545,67.45145416259766,2.6379051208496094,7.705672740936279
RandomSearch,Balanced_Performance,11,Energy_Generation_Focus,0.457365134425784,0.8438238479092905,67.45145416259766,2.6379051208496094,7.705672740936279
RandomSearch,Balanced_Performance,11,Energy_Saving_Focus,0.6363597227382036,0.8744856995481212,67.45145416259766,2.6379051208496094,7.705672740936279
RandomSearch,Balanced_Performance,12,Balanced_Performance,0.828466096846106,0.9381318606964356,66.89962005615234,2.819096803665161,7.695178031921387
RandomSearch,Balanced_Performance,12,Energy_Generation_Focus,0.8541202918574908,0.9515251940751088,66.89962005615234,2.819096803665161,7.695178031921387
RandomSearch,Balanced_Performance,12,Energy_Saving_Focus,0.8252782287051761,0.9335855884599208,66.89962005615234,2.819096803665161,7.695178031921387
RandomSearch,Balanced_Performance,13,Balanced_Performance,0.6869396733992932,0.8936153796522478,67.97999572753906,2.732428789138794,7.757862091064453
RandomSearch,Balanced_Performance,13,Energy_Generation_Focus,0.6487245226277896,0.8929732299289042,67.97999572753906,2.732428789138794,7.757862091064453
RandomSearch,Balanced_Performance,13,Energy_Saving_Focus,0.6541342864257638,0.871696387431883,67.97999572753906,2.732428789138794,7.757862091064453
RandomSearch,Balanced_Performance,14,Balanced_Performance,0.8728488578770172,0.960854749032592,66.18562316894531,2.7819912433624268,7.776523590087891
RandomSearch,Balanced_Performance,14,Energy_Generation_Focus,0.8291683496453451,0.9515262384822876,66.18562316894531,2.7819912433624268,7.776523590087891
RandomSearch,Balanced_Performance,14,Energy_Saving_Focus,0.9088941616719204,0.9704685672689533,66.18562316894531,2.7819912433624268,7.776523590087891
RandomSearch,Balanced_Performance,15,Balanced_Performance,0.8990600860471804,0.9684934684178788,66.42401885986328,2.79362154006958,7.834850311279297
RandomSearch,Balanced_Performance,15,Energy_Generation_Focus,0.8610627254194917,0.9603824742672769,66.42401885986328,2.79362154006958,7.834850311279297
RandomSearch,Balanced_Performance,15,Energy_Saving_Focus,0.9055938090102876,0.9672891319806788,66.42401885986328,2.79362154006958,7.834850311279297
RandomSearch,Balanced_Performance,16,Balanced_Performance,0.6424196683734205,0.8857318733568875,67.59568786621094,2.6701982021331787,7.761961936950684
RandomSearch,Balanced_Performance,16,Energy_Generation_Focus,0.5355038360619346,0.8653794311452736,67.59568786621094,2.6701982021331787,7.761961936950684
RandomSearch,Balanced_Performance,16,Energy_Saving_Focus,0.6580950697737309,0.8794801588450747,67.59568786621094,2.6701982021331787,7.761961936950684
RandomSearch,Balanced_Performance,17,Balanced_Performance,0.7143854267697258,0.9031727754397672,67.0689926147461,2.756679058074951,7.632946968078613
RandomSearch,Balanced_Performance,17,Energy_Generation_Focus,0.6989030312604723,0.9076172853157384,67.0689926147461,2.756679058074951,7.632946968078613
RandomSearch,Balanced_Performance,17,Energy_Saving_Focus,0.7433116844836634,0.9070950092716306,67.0689926147461,2.756679058074951,7.632946968078613
RandomSearch,Balanced_Performance,18,Balanced_Performance,0.7191536979879826,0.9149234977040356,67.0025863647461,2.6756069660186768,7.825238227844238
RandomSearch,Balanced_Performance,18,Energy_Generation_Focus,0.5890631455229334,0.8848816010203372,67.0025863647461,2.6756069660186768,7.825238227844238
RandomSearch,Balanced_Performance,18,Energy_Saving_Focus,0.7514727332256054,0.9163077703062206,67.0025863647461,2.6756069660186768,7.825238227844238
RandomSearch,Balanced_Performance,19,Balanced_Performance,0.6303887957633527,0.8676663037596564,68.46302032470703,2.7640788555145264,7.633251190185547
RandomSearch,Balanced_Performance,19,Energy_Generation_Focus,0.658791742297638,0.8890321089722315,68.46302032470703,2.7640788555145264,7.633251190185547
RandomSearch,Balanced_Performance,19,Energy_Saving_Focus,0.5816520887213733,0.840398641406209,68.46302032470703,2.7640788555145264,7.633251190185547
RandomSearch,Energy_Generation_Focus,0,Balanced_Performance,0.6305931193913206,0.8632017485073885,67.76107025146484,2.8166487216949463,7.414211273193359
RandomSearch,Energy_Generation_Focus,0,Energy_Generation_Focus,0.7319933501294753,0.9056676944649668,67.76107025146484,2.8166487216949463,7.414211273193359
RandomSearch,Energy_Generation_Focus,0,Energy_Saving_Focus,0.637799466158809,0.8605768843685363,67.76107025146484,2.8166487216949463,7.414211273193359
RandomSearch,Energy_Generation_Focus,1,Balanced_Performance,0.6524113596919964,0.876361231516648,68.15461730957031,2.765983819961548,7.63183069229126
RandomSearch,Energy_Generation_Focus,1,Energy_Generation_Focus,0.6746534312593538,0.8949489549934092,68.15461730957031,2.765983819961548,7.63183069229126
RandomSearch,Energy_Generation_Focus,1,Energy_Saving_Focus,0.6194802154083048,0.8556578512341365,68.15461730957031,2.765983819961548,7.63183069229126
RandomSearch,Energy_Generation_Focus,2,Balanced_Performance,0.6210878749447799,0.868793282028387,67.5902099609375,2.745206832885742,7.540459632873535
RandomSearch,Energy_Generation_Focus,2,Energy_Generation_Focus,0.6269766014458673,0.8827746610396416,67.5902099609375,2.745206832885742,7.540459632873535
RandomSearch,Energy_Generation_Focus,2,Energy_Saving_Focus,0.6457332020971237,0.8694953762058371,67.5902099609375,2.745206832885742,7.540459632873535
RandomSearch,Energy_Generation_Focus,3,Balanced_Performance,0.5771461163323854,0.8445590148242528,68.40875244140625,2.7938873767852783,7.446845531463623
RandomSearch,Energy_Generation_Focus,3,Energy_Generation_Focus,0.6682838914965286,0.8861194712705742,68.40875244140625,2.7938873767852783,7.446845531463623
RandomSearch,Energy_Generation_Focus,3,Energy_Saving_Focus,0.5540377668815334,0.8283013448765972,68.40875244140625,2.7938873767852783,7.446845531463623
RandomSearch,Energy_Generation_Focus,4,Balanced_Performance,0.6757022815951598,0.8886043844394151,67.70885467529297,2.7454073429107666,7.66748571395874
RandomSearch,Energy_Generation_Focus,4,Energy_Generation_Focus,0.6600239806905983,0.8947349904420399,67.70885467529297,2.7454073429107666,7.66748571395874
RandomSearch,Energy_Generation_Focus,4,Energy_Saving_Focus,0.6690324483938885,0.8775187153100115,67.70885467529297,2.7454073429107666,7.66748571395874
RandomSearch,Energy_Generation_Focus,5,Balanced_Performance,0.7572277738976829,0.9225309608935288,66.74765014648438,2.734224557876587,7.729801177978516
RandomSearch,Energy_Generation_Focus,5,Energy_Generation_Focus,0.693393737166756,0.9109823492271204,66.74765014648438,2.734224557876587,7.729801177978516
RandomSearch,Energy_Generation_Focus,5,Energy_Saving_Focus,0.7946644184391056,0.929173509625584,66.74765014648438,2.734224557876587,7.729801177978516
RandomSearch,Energy_Generation_Focus,6,Balanced_Performance,0.7497942751535025,0.9121126471713288,67.2869873046875,2.786015033721924,7.665428638458252
RandomSearch,Energy_Generation_Focus,6,Energy_Generation_Focus,0.7609291967160366,0.9237593294073816,67.2869873046875,2.786015033721924,7.665428638458252
RandomSearch,Energy_Generation_Focus,6,Energy_Saving_Focus,0.7471581702642405,0.9053605650469682,67.2869873046875,2.786015033721924,7.665428638458252
RandomSearch,Energy_Generation_Focus,7,Balanced_Performance,0.8594316460461585,0.9462886091999916,66.71592712402344,2.8499999046325684,7.660396099090576
RandomSearch,Energy_Generation_Focus,7,Energy_Generation_Focus,0.9156589876792612,0.967773130538506,66.71592712402344,2.8499999046325684,7.660396099090576
RandomSearch,Energy_Generation_Focus,7,Energy_Saving_Focus,0.8585186532270276,0.9444610671855652,66.71592712402344,2.8499999046325684,7.660396099090576
RandomSearch,Energy_Generation_Focus,8,Balanced_Performance,0.8262608590259215,0.9379556644141313,67.41517639160156,2.802755832672119,7.799239158630371
RandomSearch,Energy_Generation_Focus,8,Energy_Generation_Focus,0.8300810547730962,0.9454157569955935,67.41517639160156,2.802755832672119,7.799239158630371
RandomSearch,Energy_Generation_Focus,8,Energy_Saving_Focus,0.7828069573165661,0.9166922681330794,67.41517639160156,2.802755832672119,7.799239158630371
RandomSearch,Energy_Generation_Focus,9,Balanced_Performance,0.685971935075066,0.886120271984379,67.94825744628906,2.792047500610352,7.610702514648437
RandomSearch,Energy_Generation_Focus,9,Energy_Generation_Focus,0.7310217133863444,0.910380249819334,67.94825744628906,2.792047500610352,7.610702514648437
RandomSearch,Energy_Generation_Focus,9,Energy_Saving_Focus,0.6560867727745195,0.8682327882637713,67.94825744628906,2.792047500610352,7.610702514648437
RandomSearch,Energy_Generation_Focus,10,Balanced_Performance,0.7346237988432142,0.9006170772673442,68.20084381103516,2.815088987350464,7.689764499664307
RandomSearch,Energy_Generation_Focus,10,Energy_Generation_Focus,0.7922435223567672,0.927543840880208,68.20084381103516,2.815088987350464,7.689764499664307
RandomSearch,Energy_Generation_Focus,10,Energy_Saving_Focus,0.6651182003723917,0.8687061262199263,68.20084381103516,2.815088987350464,7.689764499664307
RandomSearch,Energy_Generation_Focus,11,Balanced_Performance,0.7172424041648536,0.9002458469446373,67.49365997314453,2.78041934967041,7.6402907371521
RandomSearch,Energy_Generation_Focus,11,Energy_Generation_Focus,0.7336193388696679,0.914583379003966,67.49365997314453,2.78041934967041,7.6402907371521
RandomSearch,Energy_Generation_Focus,11,Energy_Saving_Focus,0.7111318695964988,0.8915107865650144,67.49365997314453,2.78041934967041,7.6402907371521
RandomSearch,Energy_Generation_Focus,12,Balanced_Performance,0.6216004772198392,0.8709671470070203,66.41304779052734,2.754117965698242,7.360742568969727
RandomSearch,Energy_Generation_Focus,12,Energy_Generation_Focus,0.6396718069843395,0.8873529556165454,66.41304779052734,2.754117965698242,7.360742568969727
RandomSearch,Energy_Generation_Focus,12,Energy_Saving_Focus,0.7399936783115952,0.9091305803044514,66.41304779052734,2.754117965698242,7.360742568969727
RandomSearch,Energy_Generation_Focus,13,Balanced_Performance,0.6501506022870673,0.8657401298580287,68.12335205078125,2.8474645614624023,7.430437564849853
RandomSearch,Energy_Generation_Focus,13,Energy_Generation_Focus,0.78656590164723,0.918512550622745,68.12335205078125,2.8474645614624023,7.430437564849853
RandomSearch,Energy_Generation_Focus,13,Energy_Saving_Focus,0.6206191369385408,0.8503032530615673,68.12335205078125,2.8474645614624023,7.430437564849853
RandomSearch,Energy_Generation_Focus,14,Balanced_Performance,0.7087535151734423,0.8962437441994351,68.05269622802734,2.775596618652344,7.71021556854248
RandomSearch,Energy_Generation_Focus,14,Energy_Generation_Focus,0.721821776387742,0.9104102322371084,68.05269622802734,2.775596618652344,7.71021556854248
RandomSearch,Energy_Generation_Focus,14,Energy_Saving_Focus,0.6614201420894507,0.8709061244027515,68.05269622802734,2.775596618652344,7.71021556854248
RandomSearch,Energy_Generation_Focus,15,Balanced_Performance,0.812436171759193,0.9343350311603152,67.19001770019531,2.7953872680664062,7.757904052734375
RandomSearch,Energy_Generation_Focus,15,Energy_Generation_Focus,0.8115429705045006,0.9405361454085628,67.19001770019531,2.7953872680664062,7.757904052734375
RandomSearch,Energy_Generation_Focus,15,Energy_Saving_Focus,0.7924827490857355,0.9218515304547183,67.19001770019531,2.7953872680664062,7.757904052734375
RandomSearch,Energy_Generation_Focus,16,Balanced_Performance,0.4954099660056927,0.8147366730583141,68.44692993164062,2.79037880897522,7.293589115142822
RandomSearch,Energy_Generation_Focus,16,Energy_Generation_Focus,0.6143648315488243,0.8669370083973519,68.44692993164062,2.79037880897522,7.293589115142822
RandomSearch,Energy_Generation_Focus,16,Energy_Saving_Focus,0.5019490143647184,0.8091648001452859,68.44692993164062,2.79037880897522,7.293589115142822
RandomSearch,Energy_Generation_Focus,17,Balanced_Performance,0.4929760575133438,0.8186977876989181,69.83390045166016,2.72045373916626,7.642028331756592
RandomSearch,Energy_Generation_Focus,17,Energy_Generation_Focus,0.5156994619272184,0.8436230072668995,69.83390045166016,2.72045373916626,7.642028331756592
RandomSearch,Energy_Generation_Focus,17,Energy_Saving_Focus,0.3897903080394383,0.7663787810760028,69.83390045166016,2.72045373916626,7.642028331756592
RandomSearch,Energy_Generation_Focus,18,Balanced_Performance,0.8226909576556115,0.933894375855122,67.43310546875,2.825031042098999,7.741753101348877
RandomSearch,Energy_Generation_Focus,18,Energy_Generation_Focus,0.8589045786199258,0.951162959281608,67.43310546875,2.825031042098999,7.741753101348877
RandomSearch,Energy_Generation_Focus,18,Energy_Saving_Focus,0.7792340419853022,0.913671686399428,67.43310546875,2.825031042098999,7.741753101348877
RandomSearch,Energy_Generation_Focus,19,Balanced_Performance,0.5223269329929439,0.8247412264247271,69.32308959960938,2.770918369293213,7.513348579406738
RandomSearch,Energy_Generation_Focus,19,Energy_Generation_Focus,0.6034624464504654,0.8657899194217232,69.32308959960938,2.770918369293213,7.513348579406738
RandomSearch,Energy_Generation_Focus,19,Energy_Saving_Focus,0.4481702104744697,0.7866379239127212,69.32308959960938,2.770918369293213,7.513348579406738
RandomSearch,Energy_Saving_Focus,0,Balanced_Performance,0.5830050217997729,0.8795060786347451,66.5301742553711,2.563560724258423,7.748194217681885
RandomSearch,Energy_Saving_Focus,0,Energy_Generation_Focus,0.3516149579643733,0.8224650410529106,66.5301742553711,2.563560724258423,7.748194217681885
RandomSearch,Energy_Saving_Focus,0,Energy_Saving_Focus,0.7074881834997608,0.9104400543469046,66.5301742553711,2.563560724258423,7.748194217681885
RandomSearch,Energy_Saving_Focus,1,Balanced_Performance,0.4969759640853689,0.8458911763066781,66.59667205810547,2.577683448791504,7.548360347747803
RandomSearch,Energy_Saving_Focus,1,Energy_Generation_Focus,0.3196299640040414,0.807484828893393,66.59667205810547,2.577683448791504,7.548360347747803
RandomSearch,Energy_Saving_Focus,1,Energy_Saving_Focus,0.6505633557513799,0.8881058041224357,66.59667205810547,2.577683448791504,7.548360347747803
RandomSearch,Energy_Saving_Focus,2,Balanced_Performance,0.5601195304233642,0.8577854237919987,66.0,2.6845974922180176,7.34357213973999
RandomSearch,Energy_Saving_Focus,2,Energy_Generation_Focus,0.5061406563759195,0.8539019016158547,66.0,2.6845974922180176,7.34357213973999
RandomSearch,Energy_Saving_Focus,2,Energy_Saving_Focus,0.7360717182876257,0.9146712543266664,66.0,2.6845974922180176,7.34357213973999
RandomSearch,Energy_Saving_Focus,3,Balanced_Performance,0.8010390015251367,0.9351922304211742,66.66653442382812,2.7648513317108154,7.735791683197021
RandomSearch,Energy_Saving_Focus,3,Energy_Generation_Focus,0.7622557090633699,0.9298314749290552,66.66653442382812,2.7648513317108154,7.735791683197021
RandomSearch,Energy_Saving_Focus,3,Energy_Saving_Focus,0.8274252490514995,0.9394115704978075,66.66653442382812,2.7648513317108154,7.735791683197021
RandomSearch,Energy_Saving_Focus,4,Balanced_Performance,0.4985586944199369,0.8517366410399384,66.59449005126953,2.534286975860596,7.653839111328125
RandomSearch,Energy_Saving_Focus,4,Energy_Generation_Focus,0.2602528091517159,0.7950481199108574,66.59449005126953,2.534286975860596,7.653839111328125
RandomSearch,Energy_Saving_Focus,4,Energy_Saving_Focus,0.651687146594571,0.8916841337112653,66.59449005126953,2.534286975860596,7.653839111328125
RandomSearch,Energy_Saving_Focus,5,Balanced_Performance,0.7559003741765626,0.9293851738905162,66.29359436035156,2.6833481788635254,7.785713195800781
RandomSearch,Energy_Saving_Focus,5,Energy_Generation_Focus,0.621872453107569,0.8964027503926209,66.29359436035156,2.6833481788635254,7.785713195800781
RandomSearch,Energy_Saving_Focus,5,Energy_Saving_Focus,0.8301075602746568,0.9480710522758928,66.29359436035156,2.6833481788635254,7.785713195800781
RandomSearch,Energy_Saving_Focus,6,Balanced_Performance,0.5731847710941841,0.8761928643072519,66.0,2.572404146194458,7.635336875915527
RandomSearch,Energy_Saving_Focus,6,Energy_Generation_Focus,0.3580163247086664,0.8237262108768384,66.0,2.572404146194458,7.635336875915527
RandomSearch,Energy_Saving_Focus,6,Energy_Saving_Focus,0.7439108626909016,0.9257157186369228,66.0,2.572404146194458,7.635336875915527
RandomSearch,Energy_Saving_Focus,7,Balanced_Performance,0.6187623890778398,0.8785047632521413,66.38551330566406,2.6838319301605225,7.517304420471191
RandomSearch,Energy_Saving_Focus,7,Energy_Generation_Focus,0.5402621398340881,0.8660522356116181,66.38551330566406,2.6838319301605225,7.517304420471191
RandomSearch,Energy_Saving_Focus,7,Energy_Saving_Focus,0.740488436916646,0.9145497310009932,66.38551330566406,2.6838319301605225,7.517304420471191
RandomSearch,Energy_Saving_Focus,8,Balanced_Performance,0.4969743863626344,0.8452226413185552,66.70207977294922,2.580933094024658,7.554978847503662
RandomSearch,Energy_Saving_Focus,8,Energy_Generation_Focus,0.3241464507523441,0.8082776368197362,66.70207977294922,2.580933094024658,7.554978847503662
RandomSearch,Energy_Saving_Focus,8,Energy_Saving_Focus,0.6421494968562667,0.8842723854316497,66.70207977294922,2.580933094024658,7.554978847503662
RandomSearch,Energy_Saving_Focus,9,Balanced_Performance,0.7007779013438175,0.9099923090863358,66.45660400390625,2.6720941066741943,7.721982479095459
RandomSearch,Energy_Saving_Focus,9,Energy_Generation_Focus,0.5731543319924444,0.8806322533155746,66.45660400390625,2.6720941066741943,7.721982479095459
RandomSearch,Energy_Saving_Focus,9,Energy_Saving_Focus,0.7840237781221786,0.9311273953050224,66.45660400390625,2.6720941066741943,7.721982479095459
RandomSearch,Energy_Saving_Focus,10,Balanced_Performance,0.7942690959793763,0.9335902962068372,66.0,2.7717854976654053,7.61516809463501
RandomSearch,Energy_Saving_Focus,10,Energy_Generation_Focus,0.7678331665044322,0.9314179467325414,66.0,2.7717854976654053,7.61516809463501
RandomSearch,Energy_Saving_Focus,10,Energy_Saving_Focus,0.876561457635282,0.9601541777801176,66.0,2.7717854976654053,7.61516809463501
RandomSearch,Energy_Saving_Focus,11,Balanced_Performance,0.816078589208985,0.9377292901345288,66.53592681884766,2.7925121784210205,7.683387279510498
RandomSearch,Energy_Saving_Focus,11,Energy_Generation_Focus,0.8097316690191391,0.9415163846643644,66.53592681884766,2.7925121784210205,7.683387279510498
RandomSearch,Energy_Saving_Focus,11,Energy_Saving_Focus,0.8468731942657906,0.945186665640526,66.53592681884766,2.7925121784210205,7.683387279510498
RandomSearch,Energy_Saving_Focus,12,Balanced_Performance,0.5145872069624495,0.8381164017236689,67.67616271972656,2.672309637069702,7.50713586807251
RandomSearch,Energy_Saving_Focus,12,Energy_Generation_Focus,0.4617395308900366,0.8375858953751739,67.67616271972656,2.672309637069702,7.50713586807251
RandomSearch,Energy_Saving_Focus,12,Energy_Saving_Focus,0.5749726486133108,0.8482904447594237,67.67616271972656,2.672309637069702,7.50713586807251
RandomSearch,Energy_Saving_Focus,13,Balanced_Performance,0.577692782511347,0.8584943704301313,66.7479019165039,2.7161879539489746,7.406237602233887
RandomSearch,Energy_Saving_Focus,13,Energy_Generation_Focus,0.56059949560537,0.8659336952628686,66.7479019165039,2.7161879539489746,7.406237602233887
RandomSearch,Energy_Saving_Focus,13,Energy_Saving_Focus,0.6869233290608755,0.8907433571804123,66.7479019165039,2.7161879539489746,7.406237602233887
RandomSearch,Energy_Saving_Focus,14,Balanced_Performance,0.6849259211993705,0.8943643828747965,66.85292053222656,2.7443342208862305,7.57271146774292
RandomSearch,Energy_Saving_Focus,14,Energy_Generation_Focus,0.6640663839949748,0.8977967214136966,66.85292053222656,2.7443342208862305,7.57271146774292
RandomSearch,Energy_Saving_Focus,14,Energy_Saving_Focus,0.7428813552101199,0.908845736840214,66.85292053222656,2.7443342208862305,7.57271146774292
RandomSearch,Energy_Saving_Focus,15,Balanced_Performance,0.7366053294181096,0.9186608301345868,66.66407775878906,2.7051713466644287,7.745049953460693
RandomSearch,Energy_Saving_Focus,15,Energy_Generation_Focus,0.6406324937311221,0.897986038178505,66.66407775878906,2.7051713466644287,7.745049953460693
RandomSearch,Energy_Saving_Focus,15,Energy_Saving_Focus,0.7889611197373976,0.929572724524249,66.66407775878906,2.7051713466644287,7.745049953460693
RandomSearch,Energy_Saving_Focus,16,Balanced_Performance,0.6347965064438402,0.8771209138322109,67.12609100341797,2.7281718254089355,7.545709609985352
RandomSearch,Energy_Saving_Focus,16,Energy_Generation_Focus,0.6115208841509783,0.8815125298303652,67.12609100341797,2.7281718254089355,7.545709609985352
RandomSearch,Energy_Saving_Focus,16,Energy_Saving_Focus,0.6910011351666181,0.8896046482427893,67.12609100341797,2.7281718254089355,7.545709609985352
RandomSearch,Energy_Saving_Focus,17,Balanced_Performance,0.7979851145321416,0.9308792399494388,66.91387939453125,2.7858457565307617,7.713509559631348
RandomSearch,Energy_Saving_Focus,17,Energy_Generation_Focus,0.7896083828331856,0.9349570921529472,66.91387939453125,2.7858457565307617,7.713509559631348
RandomSearch,Energy_Saving_Focus,17,Energy_Saving_Focus,0.8058515578864297,0.9287697018539828,66.91387939453125,2.7858457565307617,7.713509559631348
RandomSearch,Energy_Saving_Focus,18,Balanced_Performance,0.5546370330418795,0.8584983252924097,67.12018585205078,2.6379408836364746,7.594614505767822
RandomSearch,Energy_Saving_Focus,18,Energy_Generation_Focus,0.4379923484544553,0.8371878715647673,67.12018585205078,2.6379408836364746,7.594614505767822
RandomSearch,Energy_Saving_Focus,18,Energy_Saving_Focus,0.6433767593205727,0.8786233793113462,67.12018585205078,2.6379408836364746,7.594614505767822
RandomSearch,Energy_Saving_Focus,19,Balanced_Performance,0.7134541206501952,0.904921407553645,66.71852111816406,2.7469372749328613,7.606518745422363
RandomSearch,Energy_Saving_Focus,19,Energy_Generation_Focus,0.6848018904363713,0.9050873056963602,66.71852111816406,2.7469372749328613,7.606518745422363
RandomSearch,Energy_Saving_Focus,19,Energy_Saving_Focus,0.7707251033708977,0.919556280270458,66.71852111816406,2.7469372749328613,7.606518745422363
