sample_size,rep,group,HV,IGD,archive_rows,non_dominated_rows
20,0,NSGA-II_downsample,1.3309982601098689,0.6551934847901983,20,3
20,1,NSGA-II_downsample,1.3309755349492933,0.3796167911130946,20,11
20,2,NSGA-II_downsample,1.3309997561140035,0.6875214317229242,20,3
20,3,NSGA-II_downsample,1.3309961436597992,0.5680890949200099,20,3
20,4,NSGA-II_downsample,1.3309994402426073,0.6460547469216108,20,4
20,5,NSGA-II_downsample,1.3309999734925175,0.7594343715513225,20,2
20,6,NSGA-II_downsample,1.3309979373920005,0.4251146544358362,20,12
20,7,NSGA-II_downsample,1.3309998568395518,0.4943352321023031,20,10
20,8,NSGA-II_downsample,1.3309981525797745,0.6066801442316729,20,4
20,9,NSGA-II_downsample,1.3309988300943845,0.6858088739665256,20,3
20,10,NSGA-II_downsample,1.3309998992129395,0.699347832643607,20,3
20,11,NSGA-II_downsample,1.3309999999366784,0.7607276568146021,20,2
20,12,NSGA-II_downsample,1.3309988410243736,0.5125472599056989,20,5
20,13,NSGA-II_downsample,1.3309989652908365,0.4733264365119517,20,11
20,14,NSGA-II_downsample,1.3309994250767105,0.6839941754282867,20,3
20,15,NSGA-II_downsample,1.3310000000000004,0.8114477808433125,20,1
20,16,NSGA-II_downsample,1.3309950553593537,0.37101626501051127,20,11
20,17,NSGA-II_downsample,1.3309995839950886,0.6507361262778472,20,4
20,18,NSGA-II_downsample,1.330999759350156,0.7537989799171223,20,2
20,19,NSGA-II_downsample,1.330999960602459,0.661884090883589,20,4
20,20,NSGA-II_downsample,1.3309986150858104,0.30568038137399395,20,15
20,21,NSGA-II_downsample,1.330997793583496,0.5352318083453891,20,4
20,22,NSGA-II_downsample,1.3309814282148442,0.3123564799118383,20,12
20,23,NSGA-II_downsample,1.3309999577460372,0.674519806249699,20,4
20,24,NSGA-II_downsample,1.330999965643204,0.6748056002508909,20,4
20,25,NSGA-II_downsample,1.3309980613678016,0.47673286907888585,20,10
20,26,NSGA-II_downsample,1.33099886527914,0.5652042655252717,20,5
20,27,NSGA-II_downsample,1.3309996916745583,0.6126786138434369,20,5
20,28,NSGA-II_downsample,1.3309990738160897,0.4089563987541213,20,11
20,29,NSGA-II_downsample,1.3309991055932795,0.5998203597979158,20,6
20,30,NSGA-II_downsample,1.3309985597187042,0.4196275427190092,20,13
20,31,NSGA-II_downsample,1.3309991799937577,0.6210500548231475,20,4
20,32,NSGA-II_downsample,1.3309999635458563,0.62793894644392,20,5
20,33,NSGA-II_downsample,1.3309999999366788,0.7607276568146021,20,2
20,34,NSGA-II_downsample,1.3309998155213667,0.6640350767165294,20,4
20,35,NSGA-II_downsample,1.3309991860091133,0.5069281743271102,20,4
20,36,NSGA-II_downsample,1.330999860622125,0.7103572027020493,20,3
20,37,NSGA-II_downsample,1.3309995830074397,0.5010133883679588,20,7
20,38,NSGA-II_downsample,1.3309775587309647,0.5093246128608996,20,8
20,39,NSGA-II_downsample,1.3309983052573475,0.5723128564385976,20,4
20,40,NSGA-II_downsample,1.3309998459889005,0.6288227366995753,20,5
20,41,NSGA-II_downsample,1.330999937414322,0.6585644988837389,20,3
20,42,NSGA-II_downsample,1.3309989394269977,0.4282300886015522,20,8
20,43,NSGA-II_downsample,1.3309994957302456,0.7045938730300063,20,3
20,44,NSGA-II_downsample,1.330996599914104,0.36880529163677517,20,11
20,45,NSGA-II_downsample,1.3309997506567057,0.7304955206678823,20,2
20,46,NSGA-II_downsample,1.3309982536990914,0.46173038361926166,20,8
20,47,NSGA-II_downsample,1.3309965298142477,0.4259637324321639,20,11
20,48,NSGA-II_downsample,1.3309999999366784,0.7159789711196255,20,3
20,49,NSGA-II_downsample,1.3309981731496403,0.3719500773268053,20,12
20,50,NSGA-II_downsample,1.330996117887071,0.5063263815079259,20,9
20,51,NSGA-II_downsample,1.3309947878585655,0.4326292599032638,20,12
20,52,NSGA-II_downsample,1.3309999977595561,0.542670749999586,20,6
20,53,NSGA-II_downsample,1.3309997561167053,0.572920300424308,20,4
20,54,NSGA-II_downsample,1.3309879203581272,0.41910841500097556,20,8
20,55,NSGA-II_downsample,1.3309999862656177,0.6667628926711272,20,4
20,56,NSGA-II_downsample,1.330998824830293,0.5780880032509083,20,5
20,57,NSGA-II_downsample,1.3309999871629417,0.6398814922295223,20,5
20,58,NSGA-II_downsample,1.3309999999366788,0.7607276568146021,20,2
20,59,NSGA-II_downsample,1.3309999299008775,0.7143691430169754,20,3
20,60,NSGA-II_downsample,1.3309999886353612,0.7604315744531205,20,2
20,61,NSGA-II_downsample,1.3309999828553187,0.6385821419099852,20,5
20,62,NSGA-II_downsample,1.3309999845682297,0.7101827352392871,20,3
20,63,NSGA-II_downsample,1.330999992964319,0.7156850016909209,20,3
20,64,NSGA-II_downsample,1.3309991648460626,0.6191750722120962,20,4
20,65,NSGA-II_downsample,1.3309998420664655,0.6669892459967538,20,4
20,66,NSGA-II_downsample,1.3309999358824556,0.713498667448084,20,3
20,67,NSGA-II_downsample,1.3309978420923734,0.4309914203094163,20,11
20,68,NSGA-II_downsample,1.3309999999366788,0.7159789711196255,20,3
20,69,NSGA-II_downsample,1.3309981489843359,0.5739851092515005,20,6
20,70,NSGA-II_downsample,1.3309989811845915,0.5356419645294754,20,8
20,71,NSGA-II_downsample,1.3309991820796037,0.6273421588679428,20,3
20,72,NSGA-II_downsample,1.330999995249801,0.7604101365979561,20,2
20,73,NSGA-II_downsample,1.3309845935615177,0.34251929266261066,20,11
20,74,NSGA-II_downsample,1.3309999777969912,0.6377378198755534,20,5
20,75,NSGA-II_downsample,1.3309856374317854,0.46801055645287976,20,8
20,76,NSGA-II_downsample,1.33099864744925,0.5370221491220127,20,7
20,77,NSGA-II_downsample,1.3309993626131256,0.6890871773175876,20,3
20,78,NSGA-II_downsample,1.330999501799934,0.6576689754339244,20,3
20,79,NSGA-II_downsample,1.3309851663929044,0.3634717179411671,20,14
20,80,NSGA-II_downsample,1.3309998051872554,0.4668000912293349,20,10
20,81,NSGA-II_downsample,1.3309925578928128,0.39683897966823467,20,9
20,82,NSGA-II_downsample,1.3309999001753892,0.6710464114249154,20,4
20,83,NSGA-II_downsample,1.330998611295576,0.3979405349118467,20,9
20,84,NSGA-II_downsample,1.3309992043368986,0.6875353820532913,20,3
20,85,NSGA-II_downsample,1.3310000000000004,0.7607322945406052,20,2
20,86,NSGA-II_downsample,1.3309998960434077,0.7561477681475948,20,2
20,87,NSGA-II_downsample,1.3309995109013093,0.6882555679999193,20,3
20,88,NSGA-II_downsample,1.330996623210898,0.5926906964818373,20,4
20,89,NSGA-II_downsample,1.3309939980457715,0.38283200906146897,20,10
20,90,NSGA-II_downsample,1.3309999185143195,0.713167663521399,20,3
20,91,NSGA-II_downsample,1.3309990303169885,0.4547309509960003,20,10
20,92,NSGA-II_downsample,1.3309997851338038,0.6640449654463205,20,4
20,93,NSGA-II_downsample,1.33099981793077,0.6414805300021437,20,4
20,94,NSGA-II_downsample,1.3310000000000004,0.8114477808433125,20,1
20,95,NSGA-II_downsample,1.3309938823952698,0.4113030661809616,20,10
20,96,NSGA-II_downsample,1.330999974787315,0.6502612640291368,20,4
20,97,NSGA-II_downsample,1.3309926959175493,0.37760228351526304,20,11
20,98,NSGA-II_downsample,1.330989251727793,0.3218050565096021,20,14
20,99,NSGA-II_downsample,1.330999816781782,0.6723563273994881,20,4
60,0,NSGA-II_downsample,1.3309999952612908,0.5214611627517001,60,7
60,1,NSGA-II_downsample,1.3309999712195102,0.5211083652903978,60,9
60,2,NSGA-II_downsample,1.3309999289042378,0.4869943474704046,60,10
60,3,NSGA-II_downsample,1.3309998266475613,0.6270746376672488,60,5
60,4,NSGA-II_downsample,1.3309999325669608,0.6746078513523615,60,4
60,5,NSGA-II_downsample,1.330999976098422,0.4608171635372662,60,11
60,6,NSGA-II_downsample,1.330999983742907,0.5323274378664016,60,7
60,7,NSGA-II_downsample,1.3309996831718418,0.5966980670944226,60,6
60,8,NSGA-II_downsample,1.3309999701893451,0.6038286982200007,60,6
60,9,NSGA-II_downsample,1.3309999212036925,0.48394011405028226,60,8
60,10,NSGA-II_downsample,1.3309999924745897,0.4955562543200767,60,10
60,11,NSGA-II_downsample,1.3309999845030576,0.5663532745967288,60,7
60,12,NSGA-II_downsample,1.3309999571791644,0.5709577989467827,60,7
60,13,NSGA-II_downsample,1.3309999806134765,0.6751176389898399,60,4
60,14,NSGA-II_downsample,1.3309999999513846,0.626051115399395,60,5
60,15,NSGA-II_downsample,1.3309999944646502,0.5023454673329334,60,10
60,16,NSGA-II_downsample,1.3309999878886867,0.635805540138158,60,5
60,17,NSGA-II_downsample,1.3309999999471378,0.6762023692574362,60,4
60,18,NSGA-II_downsample,1.3309999996753996,0.6348498040700291,60,5
60,19,NSGA-II_downsample,1.3309999138998725,0.6029216818089316,60,6
60,20,NSGA-II_downsample,1.3309999999471378,0.6762023692574362,60,4
60,21,NSGA-II_downsample,1.330999812723239,0.5200535956606421,60,9
60,22,NSGA-II_downsample,1.3309999854757277,0.5279225694796104,60,9
60,23,NSGA-II_downsample,1.3309999173910576,0.6355247177417763,60,5
60,24,NSGA-II_downsample,1.3309999999366784,0.6406127636333491,60,5
60,25,NSGA-II_downsample,1.3310000000000002,0.7159789711196255,60,3
60,26,NSGA-II_downsample,1.3309999950839972,0.6066856769681322,60,6
60,27,NSGA-II_downsample,1.3309999781440323,0.5760208067023896,60,6
60,28,NSGA-II_downsample,1.3309999938399577,0.5249208747990309,60,9
60,29,NSGA-II_downsample,1.330999996936041,0.497500428409424,60,8
60,30,NSGA-II_downsample,1.3309996495893195,0.5014920833559237,60,9
60,31,NSGA-II_downsample,1.3309999999471378,0.7607276654146157,60,2
60,32,NSGA-II_downsample,1.330999949659227,0.5716088541716086,60,7
60,33,NSGA-II_downsample,1.3309999999471378,0.6406127708754659,60,5
60,34,NSGA-II_downsample,1.3309990408467378,0.4960415827134481,60,8
60,35,NSGA-II_downsample,1.3309999789320166,0.4879165195000452,60,10
60,36,NSGA-II_downsample,1.3309999851932572,0.5719463720185564,60,7
60,37,NSGA-II_downsample,1.3309999915294,0.5495291574450402,60,8
60,38,NSGA-II_downsample,1.330999049836676,0.5300766455365915,60,5
60,39,NSGA-II_downsample,1.3309999999471378,0.6085821323316926,60,6
60,40,NSGA-II_downsample,1.330999987407485,0.551972296309055,60,8
60,41,NSGA-II_downsample,1.3309999999366788,0.6762023616129796,60,4
60,42,NSGA-II_downsample,1.331,0.5796020242396969,60,7
60,43,NSGA-II_downsample,1.3309997898964299,0.5971627907905507,60,6
60,44,NSGA-II_downsample,1.3309999644173292,0.5444449413543592,60,8
60,45,NSGA-II_downsample,1.3309999907359396,0.6371976952618659,60,5
60,46,NSGA-II_downsample,1.3309999483336237,0.6063376912656733,60,5
60,47,NSGA-II_downsample,1.3309999999471378,0.6406127708754659,60,5
60,48,NSGA-II_downsample,1.3309999826601024,0.552464444051226,60,7
60,49,NSGA-II_downsample,1.3309999654447022,0.5207470401980328,60,9
60,50,NSGA-II_downsample,1.330999967250373,0.4876948828315207,60,10
60,51,NSGA-II_downsample,1.3309999999471378,0.6406127708754659,60,5
60,52,NSGA-II_downsample,1.3309999919798667,0.5221849018844194,60,9
60,53,NSGA-II_downsample,1.3309999961561707,0.5488585818089788,60,8
60,54,NSGA-II_downsample,1.3309999547904043,0.49553610727686737,60,10
60,55,NSGA-II_downsample,1.330999994141178,0.566382606114522,60,7
60,56,NSGA-II_downsample,1.3309999782093902,0.5963477497103923,60,6
60,57,NSGA-II_downsample,1.3309999999471378,0.6762023692574362,60,4
60,58,NSGA-II_downsample,1.3309999999366788,0.7159789711196255,60,3
60,59,NSGA-II_downsample,1.3309999999366784,0.7607276568146021,60,2
60,60,NSGA-II_downsample,1.3309995798013092,0.6265554215246564,60,4
60,61,NSGA-II_downsample,1.330999980582462,0.6314434047710088,60,5
60,62,NSGA-II_downsample,1.3309999599909281,0.6260412356916419,60,5
60,63,NSGA-II_downsample,1.3309999999366784,0.6406127636333491,60,5
60,64,NSGA-II_downsample,1.3309986064148578,0.39684505510070617,60,7
60,65,NSGA-II_downsample,1.3309989552418178,0.4527834232111682,60,9
60,66,NSGA-II_downsample,1.330999998895195,0.4689144308433857,60,9
60,67,NSGA-II_downsample,1.3309999511475055,0.5147347003709996,60,9
60,68,NSGA-II_downsample,1.3309999299008775,0.6746819684049213,60,4
60,69,NSGA-II_downsample,1.330999449952098,0.2892041984217384,60,19
60,70,NSGA-II_downsample,1.3309999467804596,0.6704394145841035,60,4
60,71,NSGA-II_downsample,1.330999980575752,0.6048372776082276,60,6
60,72,NSGA-II_downsample,1.3309999839050062,0.5261548339160109,60,9
60,73,NSGA-II_downsample,1.330999888844972,0.500061244203611,60,9
60,74,NSGA-II_downsample,1.330999877463978,0.5405790886794692,60,8
60,75,NSGA-II_downsample,1.3309999815915696,0.5565649685376053,60,7
60,76,NSGA-II_downsample,1.3309992290949473,0.6067311588663709,60,2
60,77,NSGA-II_downsample,1.3309999935823253,0.5222049127232841,60,9
60,78,NSGA-II_downsample,1.3309999323902093,0.49300379262209054,60,8
60,79,NSGA-II_downsample,1.3309999258083238,0.3842016726428093,60,16
60,80,NSGA-II_downsample,1.3309993055115563,0.5886625742296139,60,5
60,81,NSGA-II_downsample,1.3309999961274752,0.5218493493159626,60,7
60,82,NSGA-II_downsample,1.3309999718949512,0.553708346226119,60,7
60,83,NSGA-II_downsample,1.3309999815310956,0.49817174665841096,60,8
60,84,NSGA-II_downsample,1.3309999938826773,0.47576930053661554,60,9
60,85,NSGA-II_downsample,1.3309999999366784,0.6406127636333491,60,5
60,86,NSGA-II_downsample,1.3309999841276532,0.5682113304901143,60,7
60,87,NSGA-II_downsample,1.3309999999366784,0.5796020242396969,60,7
60,88,NSGA-II_downsample,1.3309999951399338,0.5165251390644653,60,9
60,89,NSGA-II_downsample,1.3309999863339614,0.600153280400954,60,6
60,90,NSGA-II_downsample,1.3309999999366788,0.7159789711196255,60,3
60,91,NSGA-II_downsample,1.3309999832541974,0.6389856920490423,60,5
60,92,NSGA-II_downsample,1.330999971889721,0.6321512532836675,60,5
60,93,NSGA-II_downsample,1.3309999999366784,0.6762023616129796,60,4
60,94,NSGA-II_downsample,1.3309999999366784,0.6762023616129796,60,4
60,95,NSGA-II_downsample,1.3309999876703875,0.4567555833693082,60,9
60,96,NSGA-II_downsample,1.3309999552457832,0.6063376912656733,60,5
60,97,NSGA-II_downsample,1.3309999999366788,0.7159789711196255,60,3
60,98,NSGA-II_downsample,1.330999961535633,0.5967733628024686,60,6
60,99,NSGA-II_downsample,1.3309999809264526,0.5275167980003576,60,9
100,0,NSGA-II_downsample,1.3309999937342347,0.47553419183525947,100,11
100,1,NSGA-II_downsample,1.3309999865784927,0.6158069404947801,100,5
100,2,NSGA-II_downsample,1.330999987254025,0.5782436201846215,100,7
100,3,NSGA-II_downsample,1.3309999999471378,0.6406127708754659,100,5
100,4,NSGA-II_downsample,1.330999988376699,0.4475612369459324,100,12
100,5,NSGA-II_downsample,1.3310000000000002,0.6085821254516817,100,6
100,6,NSGA-II_downsample,1.3309999819277036,0.5845619053526933,100,6
100,7,NSGA-II_downsample,1.3309999944991424,0.39031151982320594,100,14
100,8,NSGA-II_downsample,1.330999992186157,0.41767326531434146,100,14
100,9,NSGA-II_downsample,1.33099999995231,0.52188943635603,100,7
100,10,NSGA-II_downsample,1.3309995252479734,0.4348021505018385,100,7
100,11,NSGA-II_downsample,1.3309999999471378,0.6085821323316926,100,6
100,12,NSGA-II_downsample,1.330999934862575,0.44349591842063846,100,10
100,13,NSGA-II_downsample,1.3309999946905375,0.46295239143328987,100,12
100,14,NSGA-II_downsample,1.330999990833716,0.3857598409888321,100,15
100,15,NSGA-II_downsample,1.330999883907001,0.5012571792162294,100,8
100,16,NSGA-II_downsample,1.3309999999366784,0.5292018482188536,100,9
100,17,NSGA-II_downsample,1.3309999900028449,0.4568699930981005,100,12
100,18,NSGA-II_downsample,1.3309999999366788,0.6406127636333491,100,5
100,19,NSGA-II_downsample,1.3309999875235272,0.42096570640785386,100,12
100,20,NSGA-II_downsample,1.3309999999471378,0.6762023692574362,100,4
100,21,NSGA-II_downsample,1.3309999361029865,0.6260478348813707,100,5
100,22,NSGA-II_downsample,1.3309999883670462,0.45469839604168927,100,10
100,23,NSGA-II_downsample,1.3309999865211954,0.3911073266001946,100,14
100,24,NSGA-II_downsample,1.3309999999471378,0.6406127708754659,100,5
100,25,NSGA-II_downsample,1.3309999999471378,0.6762023692574362,100,4
100,26,NSGA-II_downsample,1.33099999995231,0.5479839081738316,100,6
100,27,NSGA-II_downsample,1.3309993603174657,0.3475492110027055,100,13
100,28,NSGA-II_downsample,1.3309999854871575,0.517089537657065,100,9
100,29,NSGA-II_downsample,1.3309999788133846,0.4755338838744534,100,11
100,30,NSGA-II_downsample,1.3309999598522264,0.42997972736701795,100,12
100,31,NSGA-II_downsample,1.33099999597812,0.4498019780308293,100,12
100,32,NSGA-II_downsample,1.330999996511429,0.523638103128545,100,9
100,33,NSGA-II_downsample,1.3309999925026228,0.4505511654501628,100,12
100,34,NSGA-II_downsample,1.3309999999366784,0.5796020242396969,100,7
100,35,NSGA-II_downsample,1.3309999783750504,0.30536830772156054,100,22
100,36,NSGA-II_downsample,1.3309999999471378,0.6406127708754659,100,5
100,37,NSGA-II_downsample,1.3309999670015051,0.43717782863577903,100,11
100,38,NSGA-II_downsample,1.3309999680805282,0.5219023927371204,100,7
100,39,NSGA-II_downsample,1.3309999910004588,0.39773510059262907,100,15
100,40,NSGA-II_downsample,1.330999846166967,0.4945773634554398,100,10
100,41,NSGA-II_downsample,1.3309999999471378,0.6406127708754659,100,5
100,42,NSGA-II_downsample,1.3309999946340048,0.5024984679435844,100,10
100,43,NSGA-II_downsample,1.3309999101374752,0.4561889364168262,100,10
100,44,NSGA-II_downsample,1.3309995573908167,0.36250717176089864,100,17
100,45,NSGA-II_downsample,1.3309999811480153,0.4675145735715885,100,11
100,46,NSGA-II_downsample,1.3309999943412094,0.4970307952978384,100,10
100,47,NSGA-II_downsample,1.3309999457237303,0.38652027472500056,100,15
100,48,NSGA-II_downsample,1.3309999819607459,0.5072274669116248,100,8
100,49,NSGA-II_downsample,1.3309999999513848,0.6608321593562919,100,4
100,50,NSGA-II_downsample,1.3309999842433624,0.4162209652556843,100,15
100,51,NSGA-II_downsample,1.3309999841407882,0.47566939033643474,100,11
100,52,NSGA-II_downsample,1.3309999999471378,0.6762023692574362,100,4
100,53,NSGA-II_downsample,1.3309999999366784,0.553256477683347,100,8
100,54,NSGA-II_downsample,1.3309999999366784,0.5292018482188536,100,9
100,55,NSGA-II_downsample,1.3309999999471378,0.5532564839379023,100,8
100,56,NSGA-II_downsample,1.3309999689808594,0.3860501073128154,100,15
100,57,NSGA-II_downsample,1.3309999574177047,0.4945767132317777,100,10
100,58,NSGA-II_downsample,1.3309999999471378,0.6085821323316926,100,6
100,59,NSGA-II_downsample,1.3309999999366784,0.553256477683347,100,8
100,60,NSGA-II_downsample,1.3309999999366784,0.6406127636333491,100,5
100,61,NSGA-II_downsample,1.3309999952244065,0.5944173548430667,100,6
100,62,NSGA-II_downsample,1.331,0.5071517712097348,100,10
100,63,NSGA-II_downsample,1.3309999890151087,0.4185761791981472,100,15
100,64,NSGA-II_downsample,1.3309999999471378,0.6762023692574362,100,4
100,65,NSGA-II_downsample,1.3309999999471378,0.6406127708754659,100,5
100,66,NSGA-II_downsample,1.330999986812595,0.521894629025023,100,9
100,67,NSGA-II_downsample,1.3309999866711653,0.5231749768005589,100,9
100,68,NSGA-II_downsample,1.330999914171183,0.48004837738665657,100,8
100,69,NSGA-II_downsample,1.3309999863838136,0.4598897480397592,100,12
100,70,NSGA-II_downsample,1.3309999999366784,0.553256477683347,100,8
100,71,NSGA-II_downsample,1.3309999809346607,0.44609719759338723,100,13
100,72,NSGA-II_downsample,1.3309999928993084,0.4471263732796499,100,13
100,73,NSGA-II_downsample,1.3309997282483297,0.5554814430877065,100,7
100,74,NSGA-II_downsample,1.3309999999471378,0.6085821323316926,100,6
100,75,NSGA-II_downsample,1.3309999999366784,0.5796020242396969,100,7
100,76,NSGA-II_downsample,1.3309999999366784,0.5292018482188536,100,9
100,77,NSGA-II_downsample,1.3309998748063019,0.5406100668357663,100,8
100,78,NSGA-II_downsample,1.3309999999366784,0.6085821254516817,100,6
100,79,NSGA-II_downsample,1.3309999999366784,0.7159789711196255,100,3
100,80,NSGA-II_downsample,1.3309999978397702,0.43273864697980147,100,13
100,81,NSGA-II_downsample,1.3309999947317526,0.5037130156246167,100,10
100,82,NSGA-II_downsample,1.330999993087371,0.5160037595946553,100,9
100,83,NSGA-II_downsample,1.3309999999366788,0.6406127636333491,100,5
100,84,NSGA-II_downsample,1.3309999941629596,0.3849775049739104,100,14
100,85,NSGA-II_downsample,1.33099996922092,0.5693391278539682,100,7
100,86,NSGA-II_downsample,1.3309999823708893,0.4950411478133529,100,10
100,87,NSGA-II_downsample,1.3309999958112428,0.4040518844329941,100,13
100,88,NSGA-II_downsample,1.3309999415765705,0.5944970928258956,100,6
100,89,NSGA-II_downsample,1.3309999523456537,0.45973710687142144,100,12
100,90,NSGA-II_downsample,1.3309999883115748,0.42118302594887014,100,12
100,91,NSGA-II_downsample,1.3309999988871706,0.4973915308532158,100,8
100,92,NSGA-II_downsample,1.330999982014338,0.4660380593532851,100,12
100,93,NSGA-II_downsample,1.3309999999366784,0.7159789711196255,100,3
100,94,NSGA-II_downsample,1.3309999999471378,0.6406127708754659,100,5
100,95,NSGA-II_downsample,1.33099999995231,0.4981671892489378,100,8
100,96,NSGA-II_downsample,1.3309999992652544,0.36200242615618,100,19
100,97,NSGA-II_downsample,1.3309999900803302,0.39680609982187864,100,13
100,98,NSGA-II_downsample,1.3309999999471378,0.6085821323316926,100,6
100,99,NSGA-II_downsample,1.3309999999471378,0.6085821323316926,100,6
